지 역,,,1975년,1976년,1977년,1978년,1979년,1980년,1981년,1982년,1983년,1984년,1985년,1986년,1987년,1988년,1989년,1990년,1991년,1992년,1993년,1994년,1995년,1996년,1997년,1998년,1999년,2000년,2001년,2002년,2003년,2004년,2005년,2006년,2007년,2008년,2009년,2010년,2011년,2012년,2013년,2014년,2015년,2016년,2017년,2018년,2019년,2020년,2021년
전국,,,26.99,26.6,33.55,48.98,16.63,11.68,7.51,5.4,18.5,13.2,7,7.3,14.67,27.47,31.97,20.58,12.78,-1.27,-7.38,-0.57,0.55,0.95,0.31,-13.6,2.94,0.67,1.32,8.98,3.43,3.86,4.986,5.617,3.886,-0.319,0.955,1.046,1.166,0.956,1.135,1.964,2.402,2.7,3.879,4.584,3.915,3.678,4.173
수도권,,,-,-,-,-,-,-,-,-,-,-,-,-,-,-,-,-,-,-,-,-,-,-,-,-,-,-,-,-,-,-,-,-,-,-,-,-,-,0.681,1.044,1.909,2.193,2.532,3.822,5.14,4.74,4.357,4.783
지방,,,-,-,-,-,-,-,-,-,-,-,-,-,-,-,-,-,-,-,-,-,-,-,-,-,-,-,-,-,-,-,-,-,-,-,-,-,-,1.474,1.303,2.064,2.774,2.993,3.97,3.649,2.508,2.517,3.169
대도시,,,21.87,21.04,46.67,79.08,21.96,17.02,7.11,5.6,31.7,21.6,7.8,6.4,-,-,-,-,-,-,-,-,-,-,-,-,-,-,-,-,-,-,-,-,-,-,-,-,-,0.728,1.245,2.424,2.769,3.021,4.373,5.483,4.714,4.452,4.842
시지역,,,25.84,28.62,34.65,58.78,14.49,15.56,7.92,5.7,24.1,15.8,7.1,7.2,-,-,-,-,-,-,-,-,-,-,-,-,-,-,-,-,-,-,-,-,-,-,-,-,-,1.187,1.043,1.543,2.085,2.441,3.448,3.824,3.24,3.036,3.645
군지역,,,25.92,24.43,25.72,29.69,12.46,8.19,7.12,5,13.4,10.9,6.9,7.4,-,-,-,-,-,-,-,-,-,-,-,-,-,-,-,-,-,-,-,-,-,-,-,-,-,1.109,0.948,1.434,1.931,2.138,3.228,3.215,2.564,2.218,2.634
서울,,,31.63,16.06,31.7,135.7,6.4,13.42,3.56,8.7,57.7,23.3,8.1,3.7,6.29,28.06,33.54,31.18,11.15,-2.78,-8.72,-1.36,0.18,0.94,0.29,-16.25,2.66,0.05,1.89,15.81,5.23,4.09,6.564,9.171,5.882,-1.001,1.396,0.527,0.966,0.378,1.206,2.662,2.688,2.974,4.315,6.114,5.287,4.803,5.313
,종로구,,-,-,-,-,-,11.77,3.61,8.8,65.1,20.9,11.2,3.4,6.87,14.8,27.35,29.41,6.06,-2.63,-5.85,-0.46,0.16,1.08,0.76,-17.15,3,-0.52,1.78,16.64,4.35,4.14,5.519,8.879,5.835,-1.245,0.755,0.497,0.844,0.287,1.201,2.41,1.903,2.199,3.284,5.811,4.457,4.316,5.006
,중구,,-,-,-,-,-,13.29,5.99,9.3,53.5,17.1,15.5,4,6.61,21.56,26.29,22.77,2.08,-2.25,-6.75,0.02,0.93,1.47,1.01,-17.64,2.98,-0.5,2.21,15.26,4.63,4.07,5.654,8.732,5.804,-0.716,0.587,0.456,0.96,0.335,0.604,2.563,1.806,2.227,3.244,5.327,4.763,4.551,4.882
,용산구,,-,-,-,-,-,12.18,0.61,6.9,51,24.6,8.6,3,3.81,17.15,27.37,28.01,6.85,-3.02,-7.33,-0.09,3.13,1.49,0.67,-15.85,2.58,0.44,1.88,15.64,5.05,7.6,10.236,11.722,11.734,0.822,2.11,0.815,0.896,0.505,-2.113,1.491,1.501,3.133,5.225,8.598,5.86,4.854,5.507
,성동구,,-,-,-,-,-,14.88,1.75,7.5,48,23.4,7.6,4.2,4.93,27.87,32.59,36.96,14.01,-1.03,-9.67,-1.34,2.14,1.27,0.1,-15.73,1.82,-0.29,1.57,17.52,4.38,4.94,9.014,10.961,10.505,1.31,1.938,0.702,1.013,0.307,0.277,1.848,2.218,2.916,5.221,7.377,5.882,5.129,6.173
,광진구,,-,-,-,-,-,-,-,-,-,-,-,-,-,-,-,-,-,-,-,-,0.88,0.86,0.1,-16.9,1.98,0.19,1.55,15.26,5.33,3.58,5.481,9.139,6.289,-0.576,1.336,0.799,0.957,0.211,0.454,1.822,2.551,3.182,4.343,5.679,5.324,4.398,5.037
,동대문구,,-,-,-,-,-,12.96,0.85,4.7,49.3,24.6,8.1,3,4.21,28.47,28.63,24.13,10.82,-3.67,-7.84,-1.1,0.12,0.95,0.69,-15.36,2.19,-0.71,1.71,13.65,5.09,3.79,7.355,8.734,6.237,-0.242,1,0.406,0.96,0.367,0.54,1.361,2.254,2.574,3.995,6.241,5.327,4.394,5.237
,중랑구,,-,-,-,-,-,-,-,-,-,-,-,-,-,31.74,35.11,21.92,10.31,-0.35,-7.41,-0.17,1.12,0.43,0.5,-16.21,1.92,-0.51,1.4,13.31,3.75,3.86,5.592,8.387,4.885,-0.401,1.032,0.728,0.817,0.247,0.458,1.867,2.531,2.742,3.73,4.504,4.239,3.878,4.339
,성북구,,-,-,-,-,-,7.1,0,7.2,61.5,23.4,7.9,3,4.33,27.1,24.65,27.58,10.4,0.15,-4.59,-0.04,1.01,1.13,1.05,-16.11,2.94,-0.03,1.55,15.1,3.83,3.06,6.607,9.624,6.137,-0.958,1.089,0.677,0.816,-0.106,0.182,1.425,2.191,2.398,3.124,5.723,4.97,4.479,4.777
,강북구,,-,-,-,-,-,-,-,-,-,-,-,-,-,-,-,-,-,-,-,-,0.56,0.29,0.18,-16.93,3.15,-0.05,1.73,10.9,3.21,3.65,5.945,8.676,5.257,-0.527,1.104,0.725,0.76,0.329,0.476,1.886,1.986,2.395,3.697,5.131,4.462,3.786,4.181
,도봉구,,-,-,-,-,-,9.29,2.72,6.9,49.8,23.2,12.1,3.3,9.08,35.88,33.34,40.94,10.26,-0.5,-8.53,-0.89,1.18,1.16,0.33,-15.4,2.84,-0.32,1.79,9.99,3.97,3.36,4.203,6.462,4.044,-0.315,1.179,0.283,0.702,0.263,0.216,1.66,2.191,2.609,3.416,4.387,3.827,3.258,4.114
,노원구,,-,-,-,-,-,-,-,-,-,-,-,-,-,35.56,46.82,42.53,14.84,-1.48,-5.24,-0.74,0.3,1.11,0.37,-16.17,2.86,-0.09,2.2,10.99,4.23,3.45,4.517,8.259,4.715,-0.218,1.266,0.485,0.716,0.32,0.357,1.427,2.468,2.885,4.35,4.638,4.361,4.092,4.234
,은평구,,-,-,-,-,-,14.31,1.16,9.2,62.7,24.5,7.5,2.9,5.59,26.23,31.12,20,9.24,-4.61,-8.24,-1.5,-0.16,0.54,0.33,-15.55,3.25,0.35,1.91,14.97,3.46,4.94,7.714,9.214,4.995,-0.336,0.575,0.528,0.815,-0.094,0.779,2.515,2.082,2.266,3.315,5.407,4.589,4.412,4.8
,서대문구,,-,-,-,-,-,11.98,6.83,7.1,51.4,25,7.2,2.5,5.61,20.32,29.86,24.72,10.86,-1.33,-6.54,-1.23,-0.55,0.88,0.45,-16.26,2.65,-0.3,1.95,13.71,3.82,4.4,7.415,9.042,5.559,-0.2,0.963,0.599,0.835,0.221,0.537,2.175,2.566,2.647,3.447,5.354,4.675,4.415,4.699
,마포구,,-,-,-,-,-,11.61,1.29,5.7,44,26.5,7.5,3.7,4.39,27.49,27.7,27.19,9.03,0.43,-7.67,-0.67,1.5,0.74,0.43,-15.07,2.43,-0.2,3.49,11.47,4.5,4.28,7.208,9.638,5.726,-0.233,1.036,0.642,0.867,0.239,0.962,2.838,3.312,3.677,5.322,8.112,5.402,4.792,5.318
,양천구,,-,-,-,-,-,-,-,-,-,-,-,-,-,31.64,35.49,23.46,15.07,-2.88,-8.53,-0.27,0.82,1.34,0.15,-15.78,1.98,-0.08,1.85,13.56,5.15,3.24,5.225,9.942,6.083,-1.293,1.183,0.614,0.902,0.176,0.845,2.31,2.42,2.499,3.793,5.078,5.059,4.436,4.664
,강서구,,-,-,-,-,-,12.3,4.15,5.4,69.5,25.8,5.3,3.9,6.23,33.81,38.91,25.55,13.16,2.31,-7.77,1.07,3,1.64,1.01,-14.38,2.64,-0.02,1.26,14.59,5.87,3.51,6.081,9.541,5.679,-0.272,1.214,0.721,0.969,0.258,1.14,2.224,2.863,3.244,5.476,5.948,5.028,4.438,4.962
,구로구,,-,-,-,-,-,13.12,1.51,4,56.5,20.5,5.6,4.9,6.34,25.29,30.21,30.71,14.19,-0.5,-5.51,-0.05,1.28,0.37,0.58,-16.32,1.38,-0.58,1.48,11.98,5.23,5.02,5.497,8.275,5.74,-0.828,1.11,0.464,0.887,0.231,0.651,1.86,2.362,2.439,3.723,5.291,4.501,4.046,4.046
,금천구,,-,-,-,-,-,-,-,-,-,-,-,-,-,-,-,-,-,-,-,-,1.56,0.55,0.41,-14.51,2.41,-0.25,0.91,5.26,4.05,4.09,6.067,7.129,4.298,-0.389,1.306,0.493,0.806,0.229,0.934,1.859,2.531,2.411,3.913,4.691,5.067,4.337,4.246
,영등포구,,-,-,-,-,-,13.35,0.75,4.5,62.8,23.1,11.3,4.2,6.75,26.81,29.7,29.33,15.04,-2.22,-7.27,-0.92,0.47,1.08,0.28,-16.16,2.11,0.3,1.42,11.32,4.62,4.47,6.213,9.422,5.415,-0.421,1.062,0.548,0.836,0.29,0.594,1.838,2.177,2.376,4.024,6.303,5.595,4.766,5.423
,동작구,,-,-,-,-,-,14.63,1.51,5.8,59.4,21.8,4.2,4,5.18,27.22,28.71,27.17,13.71,-4.79,-9.15,-1.52,-0.49,0.09,0.35,-16.45,2.4,-0.51,1.94,16.03,4.37,4.07,6.796,10.235,5.644,-0.634,1.148,0.925,0.848,0.311,0.657,1.853,2.369,2.854,4.481,8.121,5.536,4.931,4.758
,관악구,,-,-,-,-,-,14.39,1.1,4,62.4,21.7,6.5,4.6,5.56,32.51,28.61,39.33,11.63,-8.78,-8.31,-1.93,-0.44,0.24,0.16,-17.85,2.81,-0.16,2.08,13.51,4.13,3.94,6.859,8.593,4.94,-0.889,0.956,0.498,0.881,0.26,0.81,1.675,2.429,2.674,4.045,4.757,4.649,4.344,5.147
,서초구,,-,-,-,-,-,-,-,-,-,-,-,-,-,33.29,46.27,34.34,13.23,-4.08,-13.2,-3.32,-1.65,0.62,-0.15,-15.87,3.13,-0.02,2.33,19.88,6.85,4.86,6.612,8.909,5.181,-2.042,1.87,0.466,1.17,0.534,1.816,3.782,3.037,3.102,4.396,6.552,5.567,5.182,5.946
,강남구,,-,-,-,-,-,20.16,12.71,21.7,69.4,23.8,3.8,5.3,7.88,38.33,47.2,36.69,10.61,-4.44,-12.14,-3.72,-2.32,1.17,-0.37,-16.67,2.89,1.63,2.34,22.61,6.81,3.86,6.734,9.217,5.444,-1.984,1.882,0.184,1.135,0.739,2.619,4.216,3.804,3.821,4.94,6.423,6.052,5.518,6.11
,송파구,,-,-,-,-,-,-,-,-,-,-,-,-,-,38.94,40.74,35.02,14.39,-5.98,-11.89,-2.67,-0.19,0.86,-0.23,-16.73,2.64,0.11,1.54,21.99,6.98,3.54,7.615,9.216,5.674,-1.893,1.838,0.58,1.162,0.453,3.009,3.644,3.045,3.195,4.601,5.943,5.334,5.404,5.692
,강동구,,-,-,-,-,-,18.92,11.1,25.4,64.8,22.6,10.3,3.7,7.86,37.24,41.47,27.69,13.25,-3.94,-6.86,-1.39,0.33,0.92,0.27,-15.95,3.74,-0.62,1.47,13.8,6.38,3.22,5.652,8.994,5.078,-1.899,1.678,0.563,0.827,0.338,1.59,2.194,2.778,3.127,4.116,5.694,5.698,4.653,5.09
부산,,,-,-,-,-,-,-,-,-,-,-,-,-,46.5,35.25,17.49,15.82,14.69,-1.57,-6.77,-0.35,0.14,0.4,-0.9,-16.52,1.24,-0.53,0.49,3.28,1.09,0.89,1.862,2.496,2.164,-0.174,0.107,1.216,1.579,1.731,1.568,2.278,3.094,4.174,6.507,5.739,3.761,3.75,4.042
,중구,,-,-,-,-,-,-,-,-,-,-,-,-,33.07,26.26,19.17,17.39,13.7,-2.38,-7.36,-0.58,-0.28,0.05,-1.74,-21.69,0.65,-0.6,0.07,2.75,0.74,0.22,0.251,0.088,-0.134,-2.068,0.018,1.053,1.151,1.007,1.577,1.934,2.964,3.55,4.505,4.573,3.825,1.774,2.009
,서구,,-,-,-,-,-,-,-,-,-,-,-,-,40.09,24.46,15.58,17.13,16.42,-0.82,-6.39,-1.22,-0.33,0.22,-1.1,-15.83,0.68,0.61,-0.07,2.09,0.75,0.28,0.638,0.705,0.13,-0.717,0.018,0.962,1.164,1.492,1.114,2.175,2.66,3.357,5.74,5.153,3.219,2.739,3.464
,동구,,-,-,-,-,-,-,-,-,-,-,-,-,31.4,25.08,15.14,16.87,15.81,-1.09,-6.99,-1.21,-0.81,0.22,-0.88,-17.05,0.59,-1.73,0.19,2.29,0.79,0.53,0.149,0.4,0.078,-1.647,-0.705,0.433,1.138,0.647,1.435,2.182,2.473,2.943,5.365,5.355,3.095,3.016,3.172
,영도구,,-,-,-,-,-,-,-,-,-,-,-,-,27.16,24.98,14.3,17.54,15.41,-2.87,-6.39,-0.24,-0.94,0.68,-1.02,-15.43,0.31,-0.76,0.18,1.05,0.63,0.17,0.354,1.195,1.645,-1.481,0.287,1.048,1.227,1.423,1.25,1.818,2.292,2.416,4.885,3.694,3.134,2.778,2.8
,부산진구,,-,-,-,-,-,-,-,-,-,-,-,-,33.33,31.27,16.31,15.39,17.68,-0.5,-6.7,0.35,-0.07,0.55,-1.46,-17.45,1.31,-0.82,0.74,2.25,0.68,0.6,1.66,2.741,0.913,-1.437,-0.041,0.942,1.577,1.386,1.828,2.621,3.605,4.48,5.906,5.404,3.659,5.242,5.342
,동래구,,-,-,-,-,-,-,-,-,-,-,-,-,47.1,38.96,14.82,15.73,13.62,-1.33,-7.14,-1.2,0,0.19,-0.79,-16.35,0.77,-0.92,0.5,1.82,0.61,0.36,0.615,2.291,2.558,-0.749,-0.049,1.08,1.477,1.972,1.624,2.485,3.55,4.637,6.932,6.754,5.134,5.032,4.052
,남구,,-,-,-,-,-,-,-,-,-,-,-,-,46.56,60.32,15.13,13.22,9.61,-2.71,-7.36,-0.04,0.53,0.56,-0.18,-16.77,0.66,-1.02,0.5,1.78,0.68,0.39,0.836,1.282,0.958,-1.026,-0.168,0.86,1.149,1.9,1.975,2.941,3.465,4.87,6.85,6.065,4.175,4.563,4.78
,북구,,-,-,-,-,-,-,-,-,-,-,-,-,71.65,28.02,21.71,12.71,12.53,-3.96,-7.17,-0.98,0.35,0.59,-0.94,-17.25,1.19,-1.09,0.38,2.65,1.49,0.44,0.603,1.224,1.186,-1.026,-0.143,1.001,1.398,1.368,1.274,1.852,2.348,3.304,4.78,4.652,3.382,2.344,3.132
,해운대구,,-,-,-,-,-,-,-,-,-,-,-,-,64.03,38.45,16.02,15.06,16.15,-0.93,-6.96,1.3,0.08,0.2,-1.01,-17.82,0.67,-0.88,0.51,3.86,0.88,0.44,2.193,1.977,1.054,-0.028,0.179,1.082,1.505,2.125,1.477,2.356,3.821,7.415,9.054,7.948,5.602,5.795,6.196
,사하구,,-,-,-,-,-,-,-,-,-,-,-,-,59.69,25.9,20.58,17.38,17.46,-1.24,-7.24,-0.14,0.57,0.18,-0.92,-16.21,0.77,-1.53,0.13,3.19,0.89,0.35,1.14,2.178,2.861,-0.138,0.003,1.117,1.597,1.418,0.857,1.706,2.162,2.687,4.408,3.744,2.712,2.639,2.848
,금정구,,-,-,-,-,-,-,-,-,-,-,-,-,-,40.1,19.48,17.77,14.24,-2.06,-6.59,-0.26,-0.25,0.2,-1.22,-16.24,1.17,1.35,0.08,1.99,1.35,0.82,2.226,3.082,2.129,-0.525,0.029,1.096,1.67,1.747,1.77,2.111,2.713,3.888,6.723,5.995,4.016,3.474,3.48
,강서구,,-,-,-,-,-,-,-,-,-,-,-,-,77.42,28.21,19.97,19.17,15.22,0.82,-2.33,-0.29,1.57,0.32,0.15,-10.05,3.78,1.74,0.29,8.13,3,5.22,7.481,5.044,5.202,3.672,0.989,1.979,2.19,2.465,1.862,2.142,3.573,3.596,6.813,5.14,2.909,2.756,2.898
,연제구,,-,-,-,-,-,-,-,-,-,-,-,-,-,-,-,-,-,-,-,-,0.01,0.24,-1.03,-16.74,1.23,-0.35,1.29,3.17,0.78,0.38,1.209,1.921,2.523,-0.964,-0.098,1.083,1.351,1.517,1.292,1.941,2.894,4.631,6.902,6.093,4.061,4.601,4.568
,수영구,,-,-,-,-,-,-,-,-,-,-,-,-,-,-,-,-,-,-,-,-,0.17,0.46,-1.41,-16.65,0.76,-1.51,1.28,6.12,0.87,0.47,1.591,2.079,2.039,-1.145,-0.097,1.017,1.471,1.687,1.666,2.512,3.376,4.553,7.756,6.539,4.184,5.042,6.031
,사상구,,-,-,-,-,-,-,-,-,-,-,-,-,-,-,-,-,-,-,-,-,0.42,0.81,-0.69,-17.33,1.47,-0.96,0.11,3.22,0.82,0.39,1.011,4.552,4.253,-0.425,-0.434,1.479,1.726,1.317,0.957,2.031,2.182,3.06,5.273,4.625,3.198,2.79,3.106
,기장군,,-,-,-,-,-,-,-,-,-,-,-,-,-,-,-,-,-,-,-,-,1.57,2.29,2.43,-7.4,8.22,4.27,2.2,12.75,4.85,5.14,6.04,5.919,4.704,2.323,1.004,2.136,1.961,2.302,2.183,2.86,2.986,3.836,7.004,6.846,2.961,2.282,3.649
(구)부산직할시,,,-,-,48.53,93.59,14.2,24.01,6.81,4.3,15.4,10.3,8.7,9.9,-,-,-,-,-,-,-,-,-,-,-,-,-,-,-,-,-,-,-,-,-,-,-,-,-,-,-,-,-,-,-,-,-,-,-
,(구)중구,,-,-,-,-,-,26.14,7.68,6.9,20,16.4,14.7,9.7,-,-,-,-,-,-,-,-,-,-,-,-,-,-,-,-,-,-,-,-,-,-,-,-,-,-,-,-,-,-,-,-,-,-,-
,(구)서구,,-,-,-,-,-,26.75,7.1,3.9,17.7,8.5,9.4,10,-,-,-,-,-,-,-,-,-,-,-,-,-,-,-,-,-,-,-,-,-,-,-,-,-,-,-,-,-,-,-,-,-,-,-
,(구)동구,,-,-,-,-,-,29.25,4.66,4.8,16.3,9.9,8.3,7.9,-,-,-,-,-,-,-,-,-,-,-,-,-,-,-,-,-,-,-,-,-,-,-,-,-,-,-,-,-,-,-,-,-,-,-
,(구)영도구,,-,-,-,-,-,17.93,7.19,5.3,14.6,9.4,7.7,6.6,-,-,-,-,-,-,-,-,-,-,-,-,-,-,-,-,-,-,-,-,-,-,-,-,-,-,-,-,-,-,-,-,-,-,-
,(구)부산진구,,-,-,-,-,-,24.95,5.67,4.7,14.7,9.4,9,10.2,-,-,-,-,-,-,-,-,-,-,-,-,-,-,-,-,-,-,-,-,-,-,-,-,-,-,-,-,-,-,-,-,-,-,-
,(구)동래구,,-,-,-,-,-,22.21,7.19,4.8,16.8,11.1,9.1,9.9,-,-,-,-,-,-,-,-,-,-,-,-,-,-,-,-,-,-,-,-,-,-,-,-,-,-,-,-,-,-,-,-,-,-,-
,(구)남구,,-,-,-,-,-,26.24,4.55,4,11.9,9.2,6.4,10,-,-,-,-,-,-,-,-,-,-,-,-,-,-,-,-,-,-,-,-,-,-,-,-,-,-,-,-,-,-,-,-,-,-,-
,(구)북구,,-,-,-,-,-,23.05,10.54,3,15.3,11.4,8.4,12.5,-,-,-,-,-,-,-,-,-,-,-,-,-,-,-,-,-,-,-,-,-,-,-,-,-,-,-,-,-,-,-,-,-,-,-
,(구)해운대구,,-,-,-,-,-,19.32,5.11,3.6,12.9,10,10.9,9.2,-,-,-,-,-,-,-,-,-,-,-,-,-,-,-,-,-,-,-,-,-,-,-,-,-,-,-,-,-,-,-,-,-,-,-
,(구)사하구,,-,-,-,-,-,-,-,-,-,8.3,9,8.7,-,-,-,-,-,-,-,-,-,-,-,-,-,-,-,-,-,-,-,-,-,-,-,-,-,-,-,-,-,-,-,-,-,-,-
,(구)금정구,,-,-,-,-,-,-,-,-,-,-,-,-,-,-,-,-,-,-,-,-,-,-,-,-,-,-,-,-,-,-,-,-,-,-,-,-,-,-,-,-,-,-,-,-,-,-,-
,(구)강서구,,-,-,-,-,-,-,-,-,-,-,-,-,-,-,-,-,-,-,-,-,-,-,-,-,-,-,-,-,-,-,-,-,-,-,-,-,-,-,-,-,-,-,-,-,-,-,-
대구,,,-,-,-,-,-,-,-,-,-,-,-,-,57.68,38.17,35.15,27.42,13.74,-2.61,-7.77,0.87,1.27,1.09,-0.71,-15.24,1.93,-1.05,0.42,2.09,1.54,1.58,3.317,4.185,2.911,-0.451,0.284,1.401,1.398,1.583,1.679,3.149,4.059,3.931,4.58,5.011,4.553,3.404,4.376
,중구,,-,-,-,-,-,-,-,-,-,-,-,-,31.5,26.06,37.3,22.81,13.17,-2.65,-7.29,-0.15,0.46,0.93,-0.53,-16.87,0.73,-1.4,-0.52,0.99,0.37,0.05,-0.104,1.929,1.303,-0.087,0.016,0.845,0.601,0.877,0.694,2.234,3.172,4.209,4.619,5.408,5.491,3.65,4.171
,동구,,-,-,-,-,-,-,-,-,-,-,-,-,64.89,52.06,31.89,26.1,13.58,-5.54,-8.87,0.57,0.45,1.72,0.3,-14.5,2.54,-1.47,0.12,1.82,1.4,1.85,4.881,6.483,3.488,-0.567,0.18,1.868,2.693,2.607,2.186,3.237,4.244,3.712,4.546,4.918,4.916,3.581,4.254
,서구,,-,-,-,-,-,-,-,-,-,-,-,-,80.97,32.26,43.05,28.85,16.93,-1.71,-8.59,-0.3,0.49,0.31,-2.11,-15.61,1.12,-1.18,-0.2,2.01,0.88,1.65,1.416,1.412,1.332,-0.523,0.025,0.789,0.664,1.116,1.347,2.504,3.637,3.544,4.304,4.877,4.405,3.507,4.414
,남구,,-,-,-,-,-,-,-,-,-,-,-,-,47.39,42.71,38.31,20.88,13.19,-2.03,-6.8,0.2,0.58,0.72,0.07,-15.66,1.16,-1.36,0.09,0.27,0.07,0.28,0.979,2.248,2.178,-0.439,0.334,0.804,0.531,0.657,0.752,2.217,4.124,4.203,3.837,4.295,5.248,3.577,3.532
,북구,,-,-,-,-,-,-,-,-,-,-,-,-,66.84,37.19,33.42,27.23,17.84,-1.84,-8.88,0.95,1,1.06,0.51,-14.66,1.89,-1.02,1.01,1.34,1.91,1.91,2.617,4.205,2.209,-1.318,0.042,1.001,0.776,1.127,1.697,2.807,3.815,3.704,4.378,4.092,3.796,3.059,3.752
,수성구,,-,-,-,-,-,-,-,-,-,-,-,-,77.11,43.97,36.69,31.43,8.97,-2.97,-5.22,2.7,1.27,1.01,-1.43,-15.09,2.62,-1.4,0.42,4.19,2.96,1.62,4.345,4.213,2.826,-0.182,0.104,1.113,0.824,1.371,1.552,3.229,4.428,4.405,5.537,7.168,6.53,4.589,6.672
,달서구,,-,-,-,-,-,-,-,-,-,-,-,-,-,38.48,31.29,31.2,12.96,0.25,-8.99,0.65,0.86,0.33,-1.9,-13.78,1.84,-0.7,0.91,2.22,1.42,1.35,5.103,5.36,3.675,-1.341,0.118,1.282,1.465,1.569,1.551,3.08,3.794,3.519,4.381,4.495,3.559,3.488,3.895
,달성군,,-,-,-,-,-,-,-,-,-,-,-,-,69.21,33.75,19.21,16.13,15.78,-0.34,-7.78,1.87,7,3.34,-0.27,-17.93,3.08,0,0.64,2.79,2.13,3.6,4.238,4.976,5.062,1.921,1.662,3.165,2.982,2.561,2.61,4.712,4.731,4.397,4.231,4.179,3.145,1.56,2.888
(구)대구직할시,,,13.59,21.21,33.01,51.5,82.62,12.64,4.05,1.3,7,6.9,6.6,5.4,-,-,-,-,-,-,-,-,-,-,-,-,-,-,-,-,-,-,-,-,-,-,-,-,-,-,-,-,-,-,-,-,-,-,-
,(구)중구,,-,-,-,-,-,-,-,3.6,5.8,5,5.8,6.3,-,-,-,-,-,-,-,-,-,-,-,-,-,-,-,-,-,-,-,-,-,-,-,-,-,-,-,-,-,-,-,-,-,-,-
,(구)동구,,-,-,-,-,-,-,-,1.9,5.8,5.6,7.5,5.5,-,-,-,-,-,-,-,-,-,-,-,-,-,-,-,-,-,-,-,-,-,-,-,-,-,-,-,-,-,-,-,-,-,-,-
,(구)서구,,-,-,-,-,-,-,-,2.3,8.4,11.8,6.8,5.9,-,-,-,-,-,-,-,-,-,-,-,-,-,-,-,-,-,-,-,-,-,-,-,-,-,-,-,-,-,-,-,-,-,-,-
,(구)남구,,-,-,-,-,-,-,-,0.5,5.3,5.5,5.4,2.4,-,-,-,-,-,-,-,-,-,-,-,-,-,-,-,-,-,-,-,-,-,-,-,-,-,-,-,-,-,-,-,-,-,-,-
,(구)북구,,-,-,-,-,-,-,-,0.6,10.6,8.1,8.1,5.6,-,-,-,-,-,-,-,-,-,-,-,-,-,-,-,-,-,-,-,-,-,-,-,-,-,-,-,-,-,-,-,-,-,-,-
,(구)수성구,,-,-,-,-,-,-,-,1.4,6.1,5.2,4.2,6,-,-,-,-,-,-,-,-,-,-,-,-,-,-,-,-,-,-,-,-,-,-,-,-,-,-,-,-,-,-,-,-,-,-,-
,(구)달서구,,-,-,-,-,-,-,-,-,-,-,-,-,-,-,-,-,-,-,-,-,-,-,-,-,-,-,-,-,-,-,-,-,-,-,-,-,-,-,-,-,-,-,-,-,-,-,-
인천,,,-,-,-,-,-,-,-,-,-,-,-,-,6.9,16.11,46.72,29.14,22.81,0.11,-6.62,0.07,0.58,0.78,0.28,-13.79,3.51,1.07,1.77,11.51,2.5,4.32,4.937,5.58,4.851,1.366,1.987,1.434,0.658,0.464,0.87,1.35,1.951,1.737,3.098,3.588,4.03,3.762,4.099
,중구,,-,-,-,-,-,-,-,-,-,-,-,-,6.79,15.3,106.1,21.07,11.66,6.02,-4.95,1,1.57,1.59,1.22,-11.24,5.28,5.59,2.63,14.73,2.42,5.49,7.455,8.331,6.996,1.465,0.967,0.507,0.349,-0.937,-0.225,2.543,2.236,1.848,2.421,2.64,3.106,3.317,3.435
,동구,,-,-,-,-,-,-,-,-,-,-,-,-,6.2,14.76,26.85,29.32,10.56,-0.72,-7.17,0.08,0.31,0.71,0.34,-14.1,4.22,0.54,1.74,9.26,1.88,4.21,4.848,5.272,5.089,1.149,1.923,1.634,0.638,-0.148,0.51,1.695,1.127,1.498,2.205,2.659,2.261,2.712,3.2
,남구,,-,-,-,-,-,-,-,-,-,-,-,-,6.83,13.42,30.57,34.57,20.52,-1.53,-7.22,-0.04,-0.03,0.32,0.02,-14.5,2.42,-0.09,1.34,9.43,1.91,3.44,3.635,4.998,4.875,5.345,1.847,0.969,0.056,0.035,0.743,0.718,1.456,1.557,2.863,-,-,-,-
,미추홀구,,-,-,-,-,-,-,-,-,-,-,-,-,-,-,-,-,-,-,-,-,-,-,-,-,-,-,-,-,-,-,-,-,-,-,-,-,-,-,-,-,-,-,-,3.715,3.909,3.736,4.403
,연수구,,-,-,-,-,-,-,-,-,-,-,-,-,-,-,-,-,-,-,-,-,0.56,1.6,0.54,-14.14,3.59,0.54,1.92,11.58,3.08,4.86,4.603,5.327,5.131,1.167,1.997,1.19,0.454,1.36,1.338,1.619,2.125,1.797,3.176,3.889,4.246,3.557,4.167
,남동구,,-,-,-,-,-,-,-,-,-,-,-,-,-,20.55,37.14,38.53,19.93,-0.58,-7.57,0.29,0.24,0.59,0.27,-14.08,3.47,0.42,1.86,10.16,2.36,3.44,3.839,5.523,4.412,-0.553,1.573,1.386,0.636,0.567,1.1,1.882,1.875,1.863,3.289,3.878,4.334,4.08,4.499
,부평구,,-,-,-,-,-,-,-,-,-,-,-,-,-,-,-,-,-,-,-,-,0.17,0.39,-0.4,-15,2.62,0.3,1.66,12.29,2.11,3.7,4.756,2.668,3.931,-0.4,1.906,1.484,0.546,0.366,0.369,0.554,1.915,1.415,3.862,3.562,4.386,4.345,4.292
,계양구,,-,-,-,-,-,-,-,-,-,-,-,-,-,-,-,-,-,-,-,-,0.67,0.48,0.54,-14.02,3.12,0.43,1.64,12.85,2.47,4.2,4.797,3.473,3.834,-0.382,2.481,1.663,1.437,0.247,1.182,1.407,2.045,1.375,2.913,3.514,5.004,4.713,4.793
,서구,,-,-,-,-,-,-,-,-,-,-,-,-,-,15.71,43.6,34.86,24.49,-2.47,-6.64,-0.01,1.14,0.44,0.29,-14.05,3.85,0.4,1.77,13.06,3.21,5.13,6.325,9.394,5.979,3.02,2.888,1.853,1.106,1.264,1.575,1.022,2.329,2.071,3.341,3.845,4.208,3.712,4.077
,강화군,,-,-,-,-,-,-,-,-,-,-,-,-,1.78,8.92,8.09,11.56,17.03,-1.1,-6.26,0.16,1.56,4.49,0.98,-7.2,4.76,3.46,0.87,5.39,3.54,5.09,3.73,1.152,1.562,0.681,1.68,2.557,0.655,0.168,-0.163,-0.11,0.551,1.096,2.801,3.734,3.355,3.31,3.144
,옹진군,,-,-,-,-,-,-,-,-,-,-,-,-,12.24,18.54,31.14,13.75,16.4,1.61,-6.47,-0.83,1.07,0.82,0.17,-13.46,6.26,1.9,2.24,3.5,2.14,2.1,2.806,3.196,3.198,-0.355,3.212,3.439,1.116,-0.272,-0.163,1.277,0.921,0.95,1.952,2.259,2.883,2.988,3.495
(구)인천직할시,,,-,-,43.29,98.45,16.99,12.59,11.15,7,34.3,27.9,4.8,6.5,-,-,-,-,-,-,-,-,-,-,-,-,-,-,-,-,-,-,-,-,-,-,-,-,-,-,-,-,-,-,-,-,-,-,-
,(구)중구,,-,-,-,-,-,-,-,7.2,30.6,19.3,3.1,4.5,-,-,-,-,-,-,-,-,-,-,-,-,-,-,-,-,-,-,-,-,-,-,-,-,-,-,-,-,-,-,-,-,-,-,-
,(구)동구,,-,-,-,-,-,-,-,6.2,28.3,18.2,2.7,5,-,-,-,-,-,-,-,-,-,-,-,-,-,-,-,-,-,-,-,-,-,-,-,-,-,-,-,-,-,-,-,-,-,-,-
,(구)남구,,-,-,-,-,-,-,-,6.7,34.5,32.5,4.4,6.9,-,-,-,-,-,-,-,-,-,-,-,-,-,-,-,-,-,-,-,-,-,-,-,-,-,-,-,-,-,-,-,-,-,-,-
,(구)남동구,,-,-,-,-,-,-,-,-,-,-,-,-,-,-,-,-,-,-,-,-,-,-,-,-,-,-,-,-,-,-,-,-,-,-,-,-,-,-,-,-,-,-,-,-,-,-,-
,(구)북구,,-,-,-,-,-,-,-,7.3,37,28,6.5,7.2,-,-,-,-,-,-,-,-,-,-,-,-,-,-,-,-,-,-,-,-,-,-,-,-,-,-,-,-,-,-,-,-,-,-,-
,(구)서구,,-,-,-,-,-,-,-,-,-,-,-,-,-,-,-,-,-,-,-,-,-,-,-,-,-,-,-,-,-,-,-,-,-,-,-,-,-,-,-,-,-,-,-,-,-,-,-
광주,,,-,-,-,-,-,-,-,-,-,-,-,-,19.53,59.98,42.99,22.43,16.5,-0.33,-6.36,-0.26,1.44,1.16,0.67,-10.25,1.3,-0.31,-0.37,1.03,0.91,0.68,1.865,1.442,0.941,-0.896,0.333,0.666,0.751,1.152,0.746,1.313,2.869,2.823,4.174,5.256,4.769,3.884,3.467
,동구,,-,-,-,-,-,-,-,-,-,-,-,-,17.54,58.21,34.5,20.08,14.13,0.22,-4.86,-0.6,0.33,0.5,0.18,-13.93,0.57,-1.65,-1.93,-0.3,0.03,-0.65,-3.724,0.345,0.697,-1.094,0.25,0.412,0.365,0.532,0.627,1.559,2.223,2.601,3.588,5.153,5.11,3.754,3.224
,서구,,-,-,-,-,-,-,-,-,-,-,-,-,25.98,60.18,46.02,20.79,13.96,0.4,-8.33,0.35,2.93,2.95,0.32,-10.39,1.51,0.11,0.05,1.21,0.97,0.82,1.262,1.227,1.199,-0.626,0.532,0.889,0.636,1.162,0.63,1.596,3.105,2.992,3.887,5.711,5.028,3.784,3.33
,남구,,-,-,-,-,-,-,-,-,-,-,-,-,-,-,-,-,-,-,-,-,1.64,0.75,0.96,-9.85,1.09,-0.42,-0.13,0.5,0.43,0.5,2.937,0.8,0.387,-0.956,0.535,0.713,0.8,0.956,0.837,1.217,2.852,2.498,5.232,6.226,5.001,3.95,3.279
,북구,,-,-,-,-,-,-,-,-,-,-,-,-,17.56,61.55,50.37,20.58,16.78,-0.5,-5.11,-0.28,1.37,0.72,0.75,-9.94,1.01,-0.43,-0.25,0.88,0.09,0.15,2.54,2.036,0.436,-1.27,0.155,0.447,0.838,1.049,0.971,1.111,2.611,2.161,3.503,4.139,3.816,3.303,3.521
,광산구,,-,-,-,-,-,-,-,-,-,-,-,-,-,61.4,43.36,25.9,20.13,-1.15,-6.63,-0.66,1,1.02,1.18,-7.19,2.41,0.82,0.21,2.71,2.83,2.28,4.504,1.855,1.636,-0.643,0.302,0.781,0.89,1.548,0.644,1.22,3.142,3.455,4.697,5.474,5.122,4.428,3.673
(구)광주직할시,,,23.05,26.11,57.7,60.76,9.43,28.41,24,4.4,11.5,2.3,1.8,4.5,-,-,-,-,-,-,-,-,-,-,-,-,-,-,-,-,-,-,-,-,-,-,-,-,-,-,-,-,-,-,-,-,-,-,-
,(구)동구,,-,-,-,-,-,-,-,-,-,-,-,-,-,-,-,-,-,-,-,-,-,-,-,-,-,-,-,-,-,-,-,-,-,-,-,-,-,-,-,-,-,-,-,-,-,-,-
,(구)서구,,-,-,-,-,-,-,-,-,-,-,-,-,-,-,-,-,-,-,-,-,-,-,-,-,-,-,-,-,-,-,-,-,-,-,-,-,-,-,-,-,-,-,-,-,-,-,-
,(구)북구,,-,-,-,-,-,-,-,-,-,-,-,-,-,-,-,-,-,-,-,-,-,-,-,-,-,-,-,-,-,-,-,-,-,-,-,-,-,-,-,-,-,-,-,-,-,-,-
,(구)광산구,,-,-,-,-,-,-,-,-,-,-,-,-,-,-,-,-,-,-,-,-,-,-,-,-,-,-,-,-,-,-,-,-,-,-,-,-,-,-,-,-,-,-,-,-,-,-,-
대전,,,-,-,-,-,-,-,-,-,-,-,-,-,3.6,16.48,20.83,17.89,23.25,-9.35,-7.81,-0.59,-0.47,0.16,0.12,-8.36,0.38,-0.24,1,3.24,5.47,2.25,6.803,4.154,1.481,-0.968,0.26,1.549,1.469,1.252,1.011,1.844,3.112,3.448,3.363,3.342,4.25,4.578,4.672
,동구,,-,-,-,-,-,-,-,-,-,-,-,-,4.36,13.28,19.12,16.54,22.41,-7.38,-8.02,-0.89,-0.47,-0.2,0.06,-8.19,-2.57,-2.13,-0.04,1.52,2.86,3,9.04,7.75,2.235,-0.856,0.733,1.378,1.147,0.769,0.442,1.06,2.004,2.953,2.873,2.714,3.256,4.007,3.836
,중구,,-,-,-,-,-,-,-,-,-,-,-,-,3.26,17,24.24,15.45,17.99,-10.73,-8.34,-0.32,-1.91,-0.5,-0.59,-8.3,-2.49,-1.63,-0.42,1.05,2.15,1.33,1.85,3.287,0.917,-1.129,0.207,1.406,1.258,0.97,0.653,1.185,2.116,2.494,2.887,2.811,4.529,4.599,4.854
,서구,,-,-,-,-,-,-,-,-,-,-,-,-,-,19.54,19.97,24.01,28.88,-9.54,-7,-0.85,0.16,0.9,0.47,-8.34,1.99,0.39,2.08,4.79,7.7,1.26,6.226,2.385,1.096,-0.887,0.189,1.724,1.346,1.153,1.188,1.604,2.394,3.452,3.336,3.72,4.478,4.62,4.368
,유성구,,-,-,-,-,-,-,-,-,-,-,-,-,3.21,18.01,14.41,13.57,17.26,-8.13,-8.24,-0.54,0.07,0.35,0.22,-9.12,2.94,1.11,1.26,4.66,7.44,4.08,10.202,4.883,1.813,-0.946,0.236,1.49,1.921,1.702,1.348,2.87,4.996,4.217,3.883,3.729,4.874,5.08,5.376
,대덕구,,-,-,-,-,-,-,-,-,-,-,-,-,-,-,18.61,23.67,28.89,-10.3,-7.16,-0.23,0.07,0.26,0.65,-7.46,0.19,0.24,1.16,2.04,3.43,1.57,4.407,4.346,1.547,-1.126,0.005,1.625,1.108,1.098,0.613,1.091,2.002,2.869,3.083,2.685,2.645,3.602,4.047
(구)대전직할시,,,24.02,20.77,65.58,34.53,6.36,16.21,4.28,5.3,40.4,76.2,17,11.1,-,-,-,-,-,-,-,-,-,-,-,-,-,-,-,-,-,-,-,-,-,-,-,-,-,-,-,-,-,-,-,-,-,-,-
,(구)중구,,-,-,-,-,-,-,-,-,-,-,-,-,-,-,-,-,-,-,-,-,-,-,-,-,-,-,-,-,-,-,-,-,-,-,-,-,-,-,-,-,-,-,-,-,-,-,-
,(구)동구,,-,-,-,-,-,-,-,-,-,-,-,-,-,-,-,-,-,-,-,-,-,-,-,-,-,-,-,-,-,-,-,-,-,-,-,-,-,-,-,-,-,-,-,-,-,-,-
,(구)서구,,-,-,-,-,-,-,-,-,-,-,-,-,-,-,-,-,-,-,-,-,-,-,-,-,-,-,-,-,-,-,-,-,-,-,-,-,-,-,-,-,-,-,-,-,-,-,-
,(구)남구,,-,-,-,-,-,-,-,-,-,-,-,-,-,-,-,-,-,-,-,-,-,-,-,-,-,-,-,-,-,-,-,-,-,-,-,-,-,-,-,-,-,-,-,-,-,-,-
,(구)북구,,-,-,-,-,-,-,-,-,-,-,-,-,-,-,-,-,-,-,-,-,-,-,-,-,-,-,-,-,-,-,-,-,-,-,-,-,-,-,-,-,-,-,-,-,-,-,-
울산,,,-,-,-,-,-,-,-,-,-,-,-,-,48.45,43.55,16,14.67,12.51,0.27,-7.57,-0.79,-0.03,0.62,0.03,-13.54,1.5,-0.26,0.38,1.75,0.66,1.79,2.062,2.937,2.902,-0.281,0.307,0.736,1.094,1.646,1.368,1.849,2.52,2.351,3.542,2.646,0.35,1.635,2.315
,중구,,-,-,-,-,-,-,-,-,-,-,-,-,32.04,50.42,15.14,13.67,12.69,0.39,-6.31,-0.86,-0.43,0.53,0.16,-15.55,0.55,-1.13,-0.44,2.08,0.11,1.17,1.317,2.326,1.485,-0.666,0.504,0.616,0.968,1.61,1.439,2.471,3.368,3.566,4.904,3.708,0.805,2.425,2.984
,남구,,-,-,-,-,-,-,-,-,-,-,-,-,72.38,38.33,16.23,14.97,13.07,0.06,-9.3,-0.72,0.09,0.5,-0.26,-14.91,1.82,-0.4,0.96,1.57,0.66,1.04,1.34,3.195,2.571,-0.08,0.043,0.679,0.526,1.551,1.482,1.498,2.464,2.376,3.675,3.145,0.736,2.606,3.851
,동구,,-,-,-,-,-,-,-,-,-,-,-,-,-,42.25,17.69,18.25,9.86,0.64,-6.42,-0.74,-0.7,0.25,-0.04,-12.48,1.65,0.56,0.08,1.45,0.49,0.54,0.119,0.318,0.934,-0.598,0.307,0.43,0.396,1.588,1.276,2.31,1.441,-0.407,-1.855,-3.032,-1.845,-0.863,0.187
,북구,,-,-,-,-,-,-,-,-,-,-,-,-,-,-,-,-,-,-,-,-,-,-,0.39,-11.43,2.51,0.48,0.21,0.98,1.83,2.01,2.51,4.263,3.633,-0.295,0.204,0.663,1.5,1.727,1.489,2.037,2.292,2.356,4.266,3.404,1.009,1.046,1.83
,울주군,,-,-,-,-,-,-,-,-,-,-,-,-,-,-,-,-,-,-,-,-,0.54,0.93,0.23,-10.98,1.02,-0.15,0.17,2.41,0.45,3.9,4.238,3.268,4.409,-0.235,0.558,0.974,1.78,1.743,1.178,1.74,2.67,2.627,4.175,3.002,0.04,1.382,1.37
세종,,,-,-,-,-,-,-,-,-,-,-,-,-,-,-,-,-,-,-,-,-,-,-,-,-,-,-,-,-,-,-,-,-,-,-,-,-,-,3.187,5.498,4.527,4.572,4.775,7.015,7.419,4.952,10.623,7.06
,세종시,,-,-,-,-,-,-,-,-,-,-,-,-,-,-,-,-,-,-,-,-,-,-,-,-,-,-,-,-,-,-,-,-,-,-,-,-,-,-,-,-,-,-,-,-,-,-,-
경기,,,-,-,-,-,-,8.02,9.33,8.7,36.8,15.6,7.9,11.2,10.08,22.08,48.03,22.03,14.68,0.08,-7.06,-0.26,1.46,1.2,0.65,-14.65,4.52,1.92,1.91,13.06,5.12,6.12,5.686,5.074,4.229,-0.267,1.217,1.485,1.47,1.038,0.912,1.236,1.733,2.231,3.45,4.421,4.291,3.978,4.305
,시지역,,-,-,-,-,-,-,-,-,-,-,-,-,-,-,-,-,-,-,-,-,-,-,-,-,-,-,-,-,-,-,-,-,-,-,-,-,-,1.043,0.925,1.251,1.756,2.252,3.468,4.443,4.329,4.012,4.346
,군지역,,-,-,-,-,-,-,-,-,-,-,-,-,-,-,-,-,-,-,-,-,-,-,-,-,-,-,-,-,-,-,-,-,-,-,-,-,-,0.937,0.484,0.698,0.955,1.562,2.82,3.763,2.98,2.851,2.929
,수원시,,-,-,25.1,69.64,8.62,10.1,9.43,7.3,34.7,16.6,11,7.6,7.62,17.88,31.78,25.96,20.45,0.56,-8.06,2.15,1.27,0.46,0.55,-14.11,3.59,1.49,1.96,11.92,3.53,4.07,4.824,5.417,3.585,-1.124,0.912,1.504,1.579,0.687,0.522,1.238,1.431,1.835,3.067,3.493,3.964,4.085,4.229
,,장안구,-,-,-,-,-,-,-,-,-,-,-,-,-,-,30.16,26.65,18.2,1.12,-7.94,0.88,0.68,0.33,0.25,-12.5,2.59,0.97,1.22,7.62,2.16,3.36,3.872,4.533,3.201,-1.167,0.684,1.519,1.685,0.712,0.604,1.065,1.074,1.652,2.631,2.786,3.954,4.164,3.929
,,권선구,-,-,-,-,-,-,-,-,-,-,-,-,-,-,34.6,24.96,23.87,-0.25,-4.5,3.34,1.81,0.19,0.66,-13.9,2.16,0.34,1.63,12.57,2.06,3.93,5.736,5.89,3.728,-0.98,1.084,1.425,1.575,0.108,0.113,1.156,1.371,1.684,2.83,3.46,3.83,4.054,4.291
,,팔달구,-,-,-,-,-,-,-,-,-,-,-,-,-,-,-,-,-,-,-11.3,2.03,1.24,0.76,0.67,-15.44,5.32,2.68,2.64,13.87,5.32,4.06,3.928,4.33,3.996,-0.225,1.053,1.885,1.606,0.351,0.32,0.708,1.185,1.646,3.176,3.808,4.18,4.017,4.796
,,영통구,-,-,-,-,-,-,-,-,-,-,-,-,-,-,-,-,-,-,-,-,-,-,-,-,-,-,-,-,-,4.83,5.412,6.441,3.468,-1.829,0.798,1.307,1.509,1.438,0.922,1.664,1.727,2.118,3.381,3.648,3.998,4.088,4.013
,성남시,,18.27,23.23,48.8,67.44,2.52,5.98,5.12,10.6,67.6,11.4,6.6,9.5,12.22,19.6,80.3,20.59,17.51,-3.86,-7.81,-2.28,0.7,0.68,0.19,-17.17,2.37,0.81,1.13,10.7,14.05,6.94,5.433,5.549,3.642,-2.06,0.809,1.089,1.267,1.028,1.361,0.837,1.348,2.496,3.385,5.651,5.036,4.473,4.781
,,수정구,-,-,-,-,-,-,-,-,-,-,-,-,-,-,-,21.73,16.95,-3.38,-7.78,-1.95,-0.02,0.06,-0.13,-17.16,1.26,0.62,1.08,10.56,11.85,4.85,5.622,7.352,3.486,-1.405,1.219,1.033,1.446,1.399,1.244,1.053,1.566,2.701,4.675,6.44,6.037,6.227,6.577
,,중원구,-,-,-,-,-,-,-,-,-,-,-,-,-,-,-,18.97,18.07,-1.06,-7.28,-2.11,-0.15,-0.15,-0.28,-16.94,1.01,0.35,0.46,7.22,10.49,1.42,4.826,6.04,3.868,-2.058,1.424,1.068,1.221,0.845,0.471,0.744,1.212,2.399,2.799,4.408,4.911,5.527,5.254
,,분당구,-,-,-,-,-,-,-,-,-,-,-,-,-,-,-,-,-,-5.89,-8.23,-2.69,1.97,1.82,0.8,-17.28,3.43,1.06,1.42,12.06,16.25,9.66,5.523,4.84,3.633,-2.259,0.541,1.111,1.227,0.959,1.604,0.791,1.299,2.442,3.028,5.637,4.675,3.548,4.005
,의정부시,,17.69,13.86,9.39,43.54,2,8.81,5.72,12.3,55.6,18.8,10.6,16.7,5.29,20.19,51.99,34.02,10.95,0.3,-7.65,0.09,0.27,0.95,0.29,-15.36,3.78,1.75,2.38,10.63,3.4,5.29,2.797,5.196,5.627,1.166,1.436,1.493,1.004,0.362,0.381,1.158,1.162,1.839,2.438,3.196,3.25,4.119,4.013
,안양시,,-,-,24.8,81.93,21.5,11.41,5.98,6.7,53.7,15.2,5.2,6.4,6.04,17.91,56.19,33.24,8.65,-0.1,-7.75,-1.2,-0.12,0.49,0.34,-14.14,2.35,1.54,1.09,12.34,2.85,4.54,5.387,5.323,4.16,-1.358,0.794,0.575,0.524,0.196,1.015,1.245,1.917,2.646,3.322,4.244,4.379,3.939,5.312
,,만안구,-,-,-,-,-,-,-,-,-,-,-,-,-,-,-,-,-,-,-7.86,-1.65,-0.52,0.31,0.24,-13.47,1.48,0.63,0.99,11.98,2.73,4.36,4.662,5.583,3.736,-1.228,0.719,0.841,0.703,0.331,1.091,1.265,1.895,2.509,3.406,3.639,4.16,3.761,4.409
,,동안구,-,-,-,-,-,-,-,-,-,-,-,-,-,-,-,-,-,-,-7.64,-0.79,0.26,0.66,0.42,-14.57,2.95,2.19,1.16,12.56,2.93,4.67,5.841,5.162,4.419,-1.437,0.838,0.414,0.419,0.117,0.971,1.232,1.931,2.728,3.271,4.609,4.509,4.043,5.821
,부천시,,22.3,22,32.3,76.18,0.05,7.29,34.67,14.1,54.1,21.5,5.7,9.5,13.24,17.76,54.68,25.01,14.47,1.74,-6.82,-0.68,0.15,0.54,0.18,-13.19,1.59,0.72,1.71,15.73,3.25,1.58,3.978,3.878,4.345,-0.483,1.467,1.348,1.261,0.945,1.382,1.516,1.899,1.304,3.387,3.582,4.379,4.116,4.506
,,(구)부천시중구,-,-,-,-,-,-,-,-,-,-,-,-,-,-,-,-,-,-,-,-,-,-,-,-,-,-,-,-,-,-,-,-,-,-,-,-,-,-,-,-,-,-,-,-,-,-,-
,,(구)부천시남구,-,-,-,-,-,-,-,-,-,-,-,-,-,-,-,-,-,-,-,-,-,-,-,-,-,-,-,-,-,-,-,-,-,-,-,-,-,-,-,-,-,-,-,-,-,-,-
,,원미구,-,-,-,-,-,-,-,-,-,-,-,-,-,-,-,-,-,-,-6.79,-0.39,0.22,0.33,0.08,-14.58,1.27,0.46,1.63,15.99,2.73,0.66,3.435,3.471,3.844,-0.505,1.358,1.258,1.012,1.023,1.714,1.838,1.942,-,-,-,-,-,-
,,소사구,-,-,-,-,-,-,-,-,-,-,-,-,-,-,-,-,-,-,-7.33,-1.2,0.07,0.65,0.12,-12.45,1.4,0.73,1.43,13.83,3.83,2.24,6.056,4.421,5.773,-0.385,1.674,1.445,1.926,0.775,0.717,0.861,1.794,-,-,-,-,-,-
,,오정구,-,-,-,-,-,-,-,-,-,-,-,-,-,-,-,-,-,-,-6.26,-0.59,0.13,0.8,0.39,-10.81,2.53,1.29,2.15,17.11,3.83,3.01,3.302,4.361,4.186,-0.526,1.538,1.476,1.177,0.929,1.249,1.381,1.901,-,-,-,-,-,-
,광명시,,-,-,-,-,-,-,-,17.5,43.3,15.6,4.6,8.5,5.87,22.82,41.41,34.71,15.04,-2.22,-5.35,0.98,2.58,1.74,0.84,-15.56,4.54,1.95,1.88,12.19,4.74,8.41,4.536,4.974,2.926,-1.049,1.202,2.182,1.397,1.244,1.103,1.141,2.107,2.263,3.562,4.959,5.447,5.718,5.608
,평택시,,-,-,-,-,-,-,-,-,-,-,-,-,9.98,25.71,35.86,27.63,16.56,-0.72,-7.87,-0.63,4.31,1.18,0.38,-15.25,4.7,1.91,1,11.41,6.23,11.54,12.55,8.932,4.982,2.667,1.257,2.08,1.796,1.552,0.938,1.298,2.92,4.223,7.547,5.695,5.034,3.805,3.566
,송탄시,,-,-,-,-,-,-,-,8.1,43.4,23.5,4.2,7.1,-,-,-,-,-,-,-,-,-,-,-,-,-,-,-,-,-,-,-,-,-,-,-,-,-,-,-,-,-,-,-,-,-,-,-
,동두천시,,-,-,-,-,-,-,-,11.1,39.9,18.9,9.5,13.8,4.14,19.16,60.24,16.34,13.4,3.04,-6.9,-0.28,0.02,0.79,0.5,-15.58,2.97,0.94,-0.03,7.64,1.93,4.44,2.492,2.772,3.066,-0.246,0.602,0.783,0.878,0.507,0.055,0.273,0.848,1.262,1.66,2.376,2.635,2.324,2.771
,안산시,,-,-,-,-,-,-,-,-,-,-,-,-,12.37,16.8,39.83,31.04,11.92,-7.24,-8.32,-3.2,-0.24,0.58,0.6,-13.91,3.2,0.7,0.52,19.81,4.61,3.17,2.87,3.355,4.188,-0.325,2.018,1.256,1.252,0.367,1.074,1.529,1.68,2.314,3.08,2.673,3.696,3.673,3.857
,,상록구,-,-,-,-,-,-,-,-,-,-,-,-,-,-,-,-,-,-,-,-,-,-,-,-,-,-,-,-,4.6,3.27,2.828,3.436,3.012,-0.306,1.131,1.301,1.236,0.324,0.87,1.312,1.27,2.297,3.038,2.782,3.712,3.694,3.706
,,단원구,-,-,-,-,-,-,-,-,-,-,-,-,-,-,-,-,-,-,-,-,-,-,-,-,-,-,-,-,4.61,3.12,2.894,3.309,4.876,-0.337,2.549,1.23,1.26,0.395,1.194,1.653,1.909,2.328,3.12,2.622,3.687,3.65,3.929
,고양시,,-,-,-,-,-,-,-,-,-,-,-,-,5.99,31.23,71.53,28.41,17.85,-0.38,-3.73,2.32,3.73,2.42,1.33,-17.21,6.33,1.77,1.89,19.36,4.49,7.25,3.817,3.901,4.033,0.153,1.454,0.828,0.966,0.318,0.332,0.957,1.679,2.253,3.619,5.219,4.167,3.746,4.01
,,덕양구,-,-,-,-,-,-,-,-,-,-,-,-,-,-,-,-,-,-,-,-,-,2.43,1.27,-16.37,5.17,2.01,0.54,20.68,6.1,7.7,3.783,4.357,4.401,0.534,2.025,1.143,0.943,0.281,0.1,0.387,1.189,1.862,3.883,5.638,5.142,5.098,5.101
,,일산구,-,-,-,-,-,-,-,-,-,-,-,-,-,-,-,-,-,-,-,-,-,-,-,-,-,-,-,-,-,-,-,-,-,-,-,-,-,-,-,-,-,-,-,-,-,-,-
,,일산동구,-,-,-,-,-,-,-,-,-,-,-,-,-,-,-,-,-,-,-,-,-,2.43,1.41,-17.98,7.16,1.6,2.84,18.44,3.41,6.95,3.497,3.49,2.812,-0.06,0.767,0.509,0.916,0.395,0.724,0.842,2.832,2.685,3.195,4.802,3.532,2.829,3.224
,,일산서구,-,-,-,-,-,-,-,-,-,-,-,-,-,-,-,-,-,-,-,-,-,2.43,1.41,-17.98,7.16,1.6,2.84,18.44,3.41,6.95,4.305,3.766,4.966,-0.193,1.387,0.709,1.059,0.285,0.251,1.986,1.14,2.398,3.652,5.026,3.273,2.546,3.054
,과천시,,-,-,-,-,-,-,-,-,-,-,-,2.2,4.14,24.55,46.12,21.99,12.89,-0.81,-6.71,-0.26,1.07,1.63,0.87,-12.25,3.16,1.24,1.41,16.38,4.07,5.29,5.682,8.063,2.517,-2.644,2.266,0.449,0.62,0.279,0.826,2.095,1.932,1.912,3.275,5.581,6.316,6.214,6.106
,구리시,,-,-,-,-,-,-,-,-,-,-,-,18.9,7.78,22.64,23.71,17.33,14.64,1.17,-5.63,0.05,0.68,1,0.58,-14.72,4.52,1.19,1.34,13.44,3.38,4.31,2.864,6.981,5.6,0.027,1.436,1.309,1.042,1.171,0.651,1.457,2.741,2.359,3.257,5.734,4.149,4.442,4.498
,(구)평택시,,-,-,-,-,-,-,-,-,-,-,-,17.7,-,-,-,-,-,-,-,-,-,-,-,-,-,-,-,-,-,-,-,-,-,-,-,-,-,-,-,-,-,-,-,-,-,-,-
,미금시,,-,-,-,-,-,-,-,-,-,-,-,-,-,-,-,-,-,-,-,-,-,-,-,-,-,-,-,-,-,-,-,-,-,-,-,-,-,-,-,-,-,-,-,-,-,-,-
,남양주시,,-,-,-,-,-,-,-,-,-,-,-,-,-,-,-,-,-,-,-,-,1.11,0.72,0.38,-15.07,4.69,2.24,3.06,14.24,5.76,5.98,5.633,5.086,4.115,1.932,1.606,1.478,1.228,1.409,0.766,1.739,3.134,3.18,3.963,3.757,5.431,5.323,5.472
,오산시,,-,-,-,-,-,-,-,-,-,-,-,-,-,-,57,18.66,14.56,3.41,-7.41,-0.17,0.37,0.45,1.07,-15.66,4.37,0.32,2.45,20.02,5.91,8.87,4.766,5.095,4.216,-1.246,0.551,1.38,1.529,1.063,1.093,1.624,1.547,1.792,2.711,2.877,3.144,3.309,3.945
,시흥시,,-,-,-,-,-,-,-,-,-,-,-,-,-,-,50.58,20.51,18.35,0.86,-7.11,0.55,1.61,1.71,1.1,-13.07,3.17,1.2,0.54,13.88,4.09,4.52,4.313,4.901,3.748,-0.353,0.934,2.996,3.533,1.666,1.188,1.437,1.321,2.325,3.345,3.464,3.974,3.904,6.993
,군포시,,-,-,-,-,-,-,-,-,-,-,-,-,-,-,61.28,29.67,8.6,0.34,-6.49,0.87,1.41,0.42,0.51,-15.44,3.27,1.69,1.29,11.34,2.23,4.04,4.052,5.409,3.426,-0.101,1.172,2.181,1.118,0.17,0.936,1.214,1.665,2.522,3.349,3.199,3.729,3.749,4.303
,의왕시,,-,-,-,-,-,-,-,-,-,-,-,-,-,-,77.05,37.01,10.84,-1.36,-7.02,0.84,1.63,1.14,0.77,-13.48,3.59,1.72,1.37,11.34,2.51,6.29,6.053,8.277,3.437,-1.094,1.239,1.207,1.271,1.141,0.991,2.002,2.481,3.168,4.173,4.145,4.178,4.339,4.801
,하남시,,-,-,-,-,-,-,-,-,-,-,-,-,-,-,36.32,25.44,11.07,0.45,-3.09,-0.89,0.48,0.94,0.53,-10.26,2.92,1.65,1.01,15.92,8.88,4,6.547,6.904,5.225,-1.066,3.723,4.761,5.645,3.414,3.778,4.001,3.555,3.161,3.885,5.263,6.904,6.574,6.846
,용인시,,-,-,-,-,-,-,-,-,-,-,-,-,27.01,23.15,47.64,14.59,11.95,2.04,-8.57,1.73,6.88,2.96,1.46,-12.58,8.76,4.28,3.94,12.16,3.53,5.71,7.738,4.332,4.446,-1.394,1.095,1.415,1.311,0.972,1.158,1.069,1.512,1.846,2.238,3.527,5.253,4.067,4.25
,,처인구,-,-,-,-,-,-,-,-,-,-,-,-,-,-,-,-,-,-,-,-,-,-,-,-,-,-,-,-,-,-,7.363,5.592,5.264,0.732,1.035,1.703,1.659,1.029,1.15,1.049,1.381,1.828,2.363,2.955,6.203,3.71,3.593
,,기흥구,-,-,-,-,-,-,-,-,-,-,-,-,-,-,-,-,-,-,-,-,-,-,-,-,-,-,-,-,-,-,6.963,3.043,4.149,-1.974,1.1,1.25,1.145,0.992,1.458,0.829,1.48,1.915,2.3,3.72,4.921,4.353,4.693
,,수지구,-,-,-,-,-,-,-,-,-,-,-,-,-,-,-,-,-,-,-,-,-,-,-,-,-,-,-,-,-,-,9.543,4.346,3.637,-3.256,1.158,1.279,1.12,0.869,0.724,1.455,1.729,1.765,1.974,4.023,4.48,4.151,4.525
,파주시,,-,-,-,-,-,-,-,-,-,-,-,-,10.65,23.25,51.85,22.14,15.47,3.54,-6.37,-0.84,2.55,2.62,1.88,-15.16,8.36,4.37,2.84,15.36,4.3,13.29,5.757,4.259,4.984,-0.184,0.915,0.89,0.91,1.076,0.014,1.252,0.863,1.167,2.807,9.533,2.861,2.491,2.93
,이천시,,-,-,-,-,-,-,-,-,-,-,-,-,15.87,31.67,36.74,12.13,7.46,-0.37,-6.84,-0.97,1.48,2.03,0.33,-13.51,6.26,3.27,2.32,7.39,3.51,8.48,6.4,3.648,3.756,-0.98,1.073,1.459,1.507,1.1,1.14,1.687,1.969,2.388,2.757,3.138,3.677,3.717,3.551
,안성시,,-,-,-,-,-,-,-,-,-,-,-,18.6,19.75,17.4,30.88,14.67,10.8,0.26,-6,0.46,2.12,1.5,0.69,-12.12,5.79,1.76,0.62,5.77,2.06,6.65,8.344,5.382,4.626,-1.093,0.645,1.742,2.008,0.986,0.83,1.414,2.254,2.256,3.252,2.895,3.067,2.851,3.301
,김포시,,-,-,-,-,-,-,-,-,-,-,-,-,8.29,17.21,7.32,21.24,17.58,-0.31,-5.21,2.01,1.91,2.42,1.09,-12.57,4.32,2.88,1.29,7.31,8.67,7.06,8.288,3.341,3.047,1.57,1.323,1.68,1.005,1.392,0.265,0.352,1.352,1.418,3.377,5.142,4.154,3.158,3.577
,화성시,,-,-,-,-,-,-,-,-,-,-,-,-,14.19,35.98,29.65,20.17,12.03,4.18,-8.18,-0.6,0.44,0.97,0.5,-13.31,7.19,2.14,3.44,14.4,6.89,5.23,9.138,6.676,5.564,2.198,1.223,2.389,2.48,2.116,1.35,1.296,1.861,2.371,4.092,3.992,3.875,3.665,3.638
,광주시,,-,-,-,-,-,-,-,-,-,-,-,-,8.88,24.51,30.96,11.97,17.75,-0.32,-5.98,-4.33,0.36,1.28,1.12,-13,5.75,2.18,2.97,12.64,3.67,9.4,6.17,5.626,4.904,-0.723,0.643,1.517,1.623,1.142,1.126,1.222,1.377,2.175,3.377,4.345,3.921,4.124,4.449
,양주시,,-,-,-,-,-,-,-,-,-,-,-,-,4.04,65.21,33.39,17.72,14.28,0.66,-5.69,-1.17,0.43,0.97,0.42,-15.98,3.95,2.11,2.18,10.78,3.76,6.86,5.141,6.174,5.845,0.587,0.631,0.681,0.989,0.583,0.248,0.536,1.04,1.71,2.025,3.121,3.194,3.743,3.535
,포천시,,-,-,-,-,-,-,-,-,-,-,-,-,6.58,18.98,61.03,12.62,21.81,2.3,-6.2,-0.66,1.11,1.26,0.94,-15.49,4.94,3.74,3.12,14.5,4.24,6.13,4.917,3.949,5.07,-0.173,0.982,0.794,1.012,0.61,0.091,0.4,0.894,1.607,2.171,2.798,2.99,3.516,3.067
,여주시,,-,-,-,-,-,-,-,-,-,-,-,-,-,-,-,-,-,-,-,-,-,-,-,-,-,-,-,-,-,-,-,-,-,-,-,-,-,-,1.186,1.908,1.77,2.248,3.231,3.489,2.954,2.811,3.284
,양주군,,28.4,12.04,11.9,108.41,42.71,3.82,8.04,6.8,24.5,11.2,6.3,16.2,-,-,-,-,-,-,-,-,-,-,-,-,-,-,-,-,-,-,-,-,-,-,-,-,-,-,-,-,-,-,-,-,-,-,-
,남양주군,,-,-,-,-,-,6.64,5.5,9.1,37.9,17.8,11.8,14.3,-,-,-,-,-,-,-,-,-,-,-,-,-,-,-,-,-,-,-,-,-,-,-,-,-,-,-,-,-,-,-,-,-,-,-
,여주군,,-,-,-,-,-,5.03,4.68,7.7,20.7,9.3,5.1,8.1,14.19,20.17,20.68,12.08,5.45,0.27,-4.75,-1.28,0.61,1.98,0.8,-14.72,7.03,3.04,1.89,5,2.9,11.83,6.905,3.624,3.757,-0.179,1.299,1.815,2.026,1.194,-,-,-,-,-,-,-,-,-
,평택군,,-,-,-,-,-,5.89,6.99,2.1,25.1,27.6,6.5,17.6,-,-,-,-,-,-,-,-,-,-,-,-,-,-,-,-,-,-,-,-,-,-,-,-,-,-,-,-,-,-,-,-,-,-,-
,화성군,,-,-,-,-,-,10.55,0.8,3.3,21.3,14.1,5.1,13.4,-,-,-,-,-,-,-,-,-,-,-,-,-,-,-,-,-,-,-,-,-,-,-,-,-,-,-,-,-,-,-,-,-,-,-
,시흥군,,-,-,-,-,-,14.92,8.94,5.5,27.5,22,5.7,8.1,-,-,-,-,-,-,-,-,-,-,-,-,-,-,-,-,-,-,-,-,-,-,-,-,-,-,-,-,-,-,-,-,-,-,-
,파주군,,-,-,-,-,-,2.81,10.44,10.8,30.7,10.5,6.6,6.8,-,-,-,-,-,-,-,-,-,-,-,-,-,-,-,-,-,-,-,-,-,-,-,-,-,-,-,-,-,-,-,-,-,-,-
,고양군,,-,-,-,-,-,4.39,17.48,14.9,27.4,10.6,10.7,7.6,-,-,-,-,-,-,-,-,-,-,-,-,-,-,-,-,-,-,-,-,-,-,-,-,-,-,-,-,-,-,-,-,-,-,-
,광주군,,-,-,-,-,-,3.53,8.83,13.4,32.5,8.6,12.1,14,-,-,-,-,-,-,-,-,-,-,-,-,-,-,-,-,-,-,-,-,-,-,-,-,-,-,-,-,-,-,-,-,-,-,-
,연천군,,-,-,-,-,-,-,-,-,-,-,-,-,2.78,11.58,45.39,15.02,15.76,2.74,-4.7,-0.01,0.29,0.68,0.84,-18.14,2.63,4.27,1.44,3.74,0.92,7.94,3.803,3.225,3.822,-0.276,0.675,0.778,0.851,0.602,0.199,0.271,0.725,1.106,1.501,6.144,2.698,1.822,2.288
,포천군,,23.58,13.29,15.28,42.52,6.04,3.49,6.75,7.9,26.9,16.8,15.4,13.7,-,-,-,-,-,-,-,-,-,-,-,-,-,-,-,-,-,-,-,-,-,-,-,-,-,-,-,-,-,-,-,-,-,-,-
,가평군,,-,-,-,-,-,2.56,6.75,12.1,26.5,20,12.3,16.9,5.92,21.88,46.27,13.08,2.55,-0.6,-7.76,-0.04,0.56,1.08,0.91,-16.35,2.35,0.73,1.38,8.3,3.45,6.26,3.591,3.085,2.688,-0.414,1.079,1.102,0.882,0.602,0.316,0.756,0.836,1.41,2.303,2.922,2.856,2.579,2.634
,양평군,,26.47,20.74,12.7,39.98,8.26,3.53,5.48,8.8,20.3,5.6,10.9,17.7,5.12,15.16,24.89,6.62,5.9,-0.92,-5.3,-0.48,0.61,1.01,0.38,-15.44,3.25,0.73,2.8,7.76,1.76,5.04,4.073,5.138,2.693,-0.653,1.427,1.639,0.899,1.018,0.705,0.837,1.108,1.815,3.579,3.41,3.151,3.374,3.321
,이천군,,-,-,-,-,-,2.46,4.42,7.7,23.7,11.2,6.1,12.2,-,-,-,-,-,-,-,-,-,-,-,-,-,-,-,-,-,-,-,-,-,-,-,-,-,-,-,-,-,-,-,-,-,-,-
,용인군,,-,-,-,-,-,10.4,4.52,9.1,38.9,10.6,6.6,12,-,-,-,-,-,-,-,-,-,-,-,-,-,-,-,-,-,-,-,-,-,-,-,-,-,-,-,-,-,-,-,-,-,-,-
,안성군,,-,-,-,-,-,4.07,4.71,0.1,19.9,31,7.3,16.5,-,-,-,-,-,-,-,-,-,-,-,-,-,-,-,-,-,-,-,-,-,-,-,-,-,-,-,-,-,-,-,-,-,-,-
,김포군,,-,-,-,-,-,4.56,16.84,5.6,23.5,5.7,4.5,6.1,-,-,-,-,-,-,-,-,-,-,-,-,-,-,-,-,-,-,-,-,-,-,-,-,-,-,-,-,-,-,-,-,-,-,-
,강화군,,-,-,-,-,-,-,-,-,-,-,-,-,-,-,-,-,-,-,-,-,-,-,-,-,-,-,-,-,-,-,-,-,-,-,-,-,-,-,-,-,-,-,-,-,-,-,-
,옹진군,,-,-,-,-,-,-,-,-,-,-,-,-,-,-,-,-,-,-,-,-,-,-,-,-,-,-,-,-,-,-,-,-,-,-,-,-,-,-,-,-,-,-,-,-,-,-,-
강원,,,-,-,-,-,-,6.34,5.91,4.1,5.8,7.5,3,4.7,4.7,21.08,25.54,11.98,7.18,1.06,-4.89,-0.11,1.13,1.26,0.77,-8.3,2.5,1.39,2.29,1.88,1.79,2.27,2.632,2.521,1.665,0.378,0.342,0.843,1.415,1.791,1.292,1.764,2.642,2.924,3.818,3.578,2.655,2.155,3.03
,시지역,,-,-,-,-,-,-,-,-,-,-,-,-,-,-,-,-,-,-,-,-,-,-,-,-,-,-,-,-,-,-,-,-,-,-,-,-,-,2.031,1.438,2.06,2.938,3.262,3.956,3.501,2.779,2.416,3.481
,군지역,,-,-,-,-,-,-,-,-,-,-,-,-,-,-,-,-,-,-,-,-,-,-,-,-,-,-,-,-,-,-,-,-,-,-,-,-,-,1.411,1.064,1.3,2.185,2.4,3.604,3.698,2.464,1.742,2.328
,춘천시,,19.7,16.11,25.61,86.52,15.64,6.11,7.97,5,7.2,11.2,5.3,5.9,4.45,19.67,44.91,19.63,10.41,2.4,-5.84,0.36,1.27,2.39,1.42,-6.95,2.94,2.27,10.03,1.07,2.13,1.4,2.874,2.561,2.067,-0.087,1.022,1.689,1.554,2.478,1.693,2,3.031,3.296,3.492,3.23,2.862,2.418,3.299
,원주시,,-,-,29.65,45.06,27.59,4.59,5.9,5.1,10,10.9,5.6,6.7,6.69,17.1,29.98,22.53,6.26,1.45,-3.06,0.77,0.76,0.7,0.42,-7.66,3.09,0.81,0.18,1.69,2.85,4.37,4.078,5.862,2.657,2.15,0.271,0.901,1.806,2.384,1.776,2.979,3.265,3.979,4.419,3.946,2.851,2.258,3.295
,강릉시,,38.85,55.53,27.12,52.95,9.36,17.24,2.87,3.3,4.7,8.3,3,4.6,2.18,27.89,10.71,17.04,13.66,-2.1,-3.76,0,1.7,1.3,0.78,-11.16,1.53,1.15,0.24,1.79,1.54,0.98,2.048,0.934,0.42,-0.172,-0.034,0.298,1.739,2.299,1.514,1.739,2.787,2.626,4.07,3.292,2.857,2.885,4.252
,동해시,,-,-,-,-,-,19.24,5.08,4.3,4.4,6.3,2.5,4.7,6.02,36.64,34.57,17.69,14.9,2.04,-4.23,-1.1,1.6,1.63,1.43,-3.87,2.66,1.3,-0.18,0.29,2.21,2.06,0.494,1.103,0.891,-0.048,-0.192,0.049,0.08,0.443,0.291,1.114,2.216,2.164,3.195,2.906,2.399,2.252,2.205
,태백시,,-,-,-,-,-,-,-,3.4,4.5,7.7,2.6,4.3,3.43,6.06,2.18,-1.39,-5.36,-0.69,-3.42,2.38,2.95,4.28,1.22,-6.33,2.24,2.93,4.28,3.95,0.68,1.28,1.048,1.025,0.57,-0.005,-0.306,0.097,0.045,0.205,-0.183,0.191,1.502,1.6,1.952,1.86,1.652,1.307,1.528
,속초시,,-,-,-,-,8.1,8.28,5.17,6.3,7.5,6.9,2.3,4.5,4.4,13.59,25.95,19.21,12.17,1.83,-6.32,-0.04,0.72,1.24,0.85,-8.66,1.5,0.15,0.06,1.56,1.4,2.83,0.678,0.452,0.622,-0.011,0.173,0.319,0.631,0.817,0.343,0.261,2.763,3.451,5.81,4.953,3.033,3.05,5.983
,삼척시,,-,-,-,-,-,-,-,-,-,-,-,5.2,9.5,28.96,21.78,17.63,14.81,1.25,-3.63,0.59,1.53,0.68,0.56,-9.79,1.28,0.45,0.19,0.97,1.22,1.01,0.64,1.286,1.396,-0.769,0.233,0.578,0.448,1.001,0.837,1.287,2.347,1.869,2.53,2.293,2.076,1.778,2.022
,춘성군,,-,-,-,-,-,2.16,7.1,4.3,7.2,6.1,3.4,5.4,-,-,-,-,-,-,-,-,-,-,-,-,-,-,-,-,-,-,-,-,-,-,-,-,-,-,-,-,-,-,-,-,-,-,-
,춘천군,,-,-,-,-,-,-,-,-,-,-,-,-,-,-,-,-,-,-,-,-,-,-,-,-,-,-,-,-,-,-,-,-,-,-,-,-,-,-,-,-,-,-,-,-,-,-,-
,홍천군,,18.2,25.51,19.34,42.39,15.43,1.05,5.09,3.3,6.3,9,2.7,4.7,3.73,16.97,15.3,6.67,2.46,-0.2,-6.64,-0.5,-0.14,0,0.66,-8.27,2.82,1.24,1.95,5.1,1.22,2.56,4.293,2.361,2.133,1.036,0.77,1.428,1.777,1.544,1.21,1.29,2.314,2.716,3.267,2.819,2.389,1.754,2.182
,횡성군,,-,-,-,-,-,2.85,6.12,3.1,5.9,6.8,2.9,5.5,3.68,11.08,14.33,8.51,7.5,2.11,-3.75,-0.63,0.23,0.87,0.53,-8.69,3.78,1.71,1.08,4.95,1.16,0.93,4.245,3.168,1.833,-0.055,0.576,0.799,1.622,1.989,1.337,1.182,2.462,2.568,3.508,2.864,2.391,1.68,2.044
,원성군,,-,-,-,-,-,1.64,5.14,4,6.4,6.6,3.1,4.9,-,-,-,-,-,-,-,-,-,-,-,-,-,-,-,-,-,-,-,-,-,-,-,-,-,-,-,-,-,-,-,-,-,-,-
,원주군,,-,-,-,-,-,-,-,-,-,-,-,-,-,-,-,-,-,-,-,-,-,-,-,-,-,-,-,-,-,-,-,-,-,-,-,-,-,-,-,-,-,-,-,-,-,-,-
,영월군,,-,-,-,-,-,2.07,6.41,3.5,5.6,6.6,2.3,4.2,2.88,7.2,15.54,10.89,9.44,3.72,-4.57,-0.3,-0.65,0.22,0.56,-7.73,1.06,1.13,2.65,1.79,0.65,1,2.293,2.696,2.138,-0.18,0.277,0.413,1.043,1.271,1.193,1.983,1.806,1.63,2.946,2.581,2.542,1.663,1.89
,평창군,,-,-,-,-,-,1.6,3.53,4.1,5.9,5,2.1,4.2,3.67,11.01,14.32,5.12,2.25,-0.83,-3.75,-2.41,1.01,1.47,0.62,-7.13,2.91,0.04,0.48,1.9,2.07,4.42,2.877,2.827,1.5,-0.345,0.22,1.262,2.873,2.558,1.914,2.223,2.155,2.201,3.928,3.157,2.477,2.196,2.577
,정선군,,-,-,-,-,-,1.5,5.95,3.3,3.9,6.2,1.6,3.7,0.62,7.43,2.29,0.88,-0.3,-0.66,-2.62,0.46,2.14,4.41,0.97,-5.56,3.56,4.59,4.29,4.66,1.51,1.28,2.635,2.984,2.086,-0.037,0.247,1.182,2.161,1.035,0.988,1.687,2.249,2.303,2.516,2.629,2.052,1.212,1.318
,철원군,,-,-,-,-,-,-,-,-,-,-,-,-,1.24,27.49,22.15,7.18,10.59,2.04,-5.36,0.06,0.71,0.66,0.24,-7.64,1.42,3.69,-0.05,0.62,0.21,2.93,3.616,1.217,1.913,-0.196,0.102,0.152,0.243,0.661,0.166,0.565,2.18,2.064,2.897,6.651,2.572,1.191,1.545
,화천군,,-,-,-,-,-,1.44,5.75,3.1,5,5.9,1.8,3.6,3.91,13.02,11.69,6.74,6.46,1.82,-5.07,-0.48,0.2,0.2,0.35,-10.97,2.4,1.55,1.08,0.89,0.85,0.1,2.392,0.874,0.385,-0.074,0.093,0.15,0.282,0.63,0.233,0.634,2.01,2.163,3.247,2.801,2.12,1.366,1.618
,양구군,,-,-,-,-,-,-,-,-,-,-,-,-,2.59,11.51,0.45,8.94,5.11,0.73,-5.29,-0.19,0.22,0.59,0.48,-6.63,2.46,1.26,2.29,3.43,2.11,1.14,2.896,2.428,2.148,-0.257,0.143,0.387,0.347,0.624,0.39,0.509,2.017,2.228,3.224,2.858,2.329,1.386,1.633
,인제군,,-,-,-,-,-,3.02,6.57,3.9,4.8,6.3,2.3,4.3,2.15,4.65,20.25,6.37,3.95,-0.57,-6.25,-0.68,0.77,0.37,0.41,-8.72,4.07,1.18,0.5,1.74,1.02,1.23,1.958,1.51,1.87,0.576,0.114,0.868,1.046,0.929,0.683,0.658,2.239,2.579,3.698,2.888,2.187,1.5,1.721
,고성군,,-,-,-,-,-,-,-,-,-,-,-,-,3.14,16.93,14.06,22.58,3.34,2.56,-5.31,1.94,3.39,0.42,0.23,-12.04,2.59,1.62,1.38,3.39,1.78,2.54,2.397,2.16,1.749,-0.119,0.105,0.348,0.558,0.93,1.108,1.286,1.455,2.161,5.038,8.058,2.924,2.388,4.175
,양양군,,-,-,-,-,-,5.41,5.72,4.2,3.2,6,1.7,2.8,4.33,18.59,24.36,8.73,5.13,3.07,-5.83,-0.15,3.09,1.87,0.36,-10.66,2.91,1.67,1.13,0.96,1.56,3.06,0.647,1.686,0.77,-0.006,0.012,0.253,0.503,0.772,0.515,0.653,2.52,3.367,5.71,3.943,3.002,3.101,5.043
,명주군,,-,-,-,-,-,11.72,7.3,4.2,3.4,6.1,2.6,3.8,-,-,-,-,-,-,-,-,-,-,-,-,-,-,-,-,-,-,-,-,-,-,-,-,-,-,-,-,-,-,-,-,-,-,-
,삼척군,,-,-,-,-,-,2.26,7.04,3.7,3.8,5.5,1.9,3,-,-,-,-,-,-,-,-,-,-,-,-,-,-,-,-,-,-,-,-,-,-,-,-,-,-,-,-,-,-,-,-,-,-,-
충북,,,-,-,-,-,-,8.95,7.42,6.5,16.6,23.8,17.2,10.8,7.75,13.31,16.11,11.48,14.31,1.62,-6.07,-0.4,0.39,0.77,1.02,-7.13,4.1,1.12,0.41,3.02,2.54,3.83,4.981,4.37,1.265,-0.364,0.11,0.653,0.585,1.086,1.018,1.694,1.902,1.919,3.079,3.156,2.221,2.273,3.26
,시지역,,-,-,-,-,-,-,-,-,-,-,-,-,-,-,-,-,-,-,-,-,-,-,-,-,-,-,-,-,-,-,-,-,-,-,-,-,-,0.941,0.916,1.782,1.863,1.842,3.034,3.311,2.327,2.398,3.455
,군지역,,-,-,-,-,-,-,-,-,-,-,-,-,-,-,-,-,-,-,-,-,-,-,-,-,-,-,-,-,-,-,-,-,-,-,-,-,-,1.223,1.113,1.696,1.974,2.073,3.165,2.861,2.016,2.033,2.892
,청주시,,-,-,-,-,-,-,-,-,-,-,-,-,-,-,-,-,-,-,-,-,-,-,-,-,-,-,-,-,-,-,-,-,-,-,-,-,-,-,-,0.69,1.906,1.92,2.954,3.629,2.558,2.704,3.709
,,상당구,-,-,-,-,-,-,-,-,-,-,-,-,-,-,-,-,-,-,-,-,-,-,-,-,-,-,-,-,-,-,-,-,-,-,-,-,-,-,-,0.987,1.813,1.502,2.929,3.276,2.067,2.287,3.015
,,서원구,-,-,-,-,-,-,-,-,-,-,-,-,-,-,-,-,-,-,-,-,-,-,-,-,-,-,-,-,-,-,-,-,-,-,-,-,-,-,-,0.245,1.462,1.843,2.627,3.259,2.1,2.289,3.115
,,흥덕구,-,-,-,-,-,-,-,-,-,-,-,-,-,-,-,-,-,-,-,-,-,-,-,-,-,-,-,-,-,-,-,-,-,-,-,-,-,-,-,0.72,2.172,1.928,3.238,3.987,2.936,3.115,4.334
,,청원구,-,-,-,-,-,-,-,-,-,-,-,-,-,-,-,-,-,-,-,-,-,-,-,-,-,-,-,-,-,-,-,-,-,-,-,-,-,-,-,0.799,1.945,2.285,2.831,3.695,2.801,2.821,3.905
,(구)청주시,,38.12,34.4,108.24,53.19,9.94,18.93,7.47,6.8,17.8,49.9,29.2,11.1,9.19,12.01,15.35,17.82,24.12,-0.75,-5.83,-0.42,-0.28,0.2,0.79,-8.35,3.44,1.31,0.73,5.2,4.03,5.01,3.571,1.778,0.734,-0.452,0.079,0.699,0.394,0.975,0.932,0.435,-,-,-,-,-,-,-
,,(구)상당구,-,-,-,-,-,-,-,-,-,-,-,-,-,-,-,-,-,-,-,-,-0.3,0.27,0.82,-7.82,3.27,1.01,0.8,6.24,2.81,4.05,2.369,1.744,0.654,-0.491,0.078,0.796,0.41,0.91,0.778,0.383,-,-,-,-,-,-,-
,,(구)흥덕구,-,-,-,-,-,-,-,-,-,-,-,-,-,-,-,-,-,-,-,-,-0.24,0.11,0.75,-8.79,3.56,1.55,0.68,4.41,5.03,5.78,4.437,1.804,0.785,-0.429,0.081,0.641,0.384,1.014,1.027,0.466,-,-,-,-,-,-,-
,충주시,,-,-,65.11,51.78,8.33,16.17,7.93,9.5,17.2,10.4,13.9,13.7,5.26,13.41,17.28,18.1,15.35,1.49,-6.13,-0.87,0.2,1.1,0.99,-6.77,1.96,0.43,-0.13,0.66,1.18,2.2,6.257,2.46,1.091,-0.537,0.195,0.802,0.722,1.042,0.937,2.194,1.739,1.521,3.133,2.704,1.888,1.797,2.987
,제천시,,-,-,-,-,-,28.19,9.24,6.8,20.9,12.3,10.5,11,4.99,15.41,15.46,12.71,12.98,1.7,-6.17,-0.59,0.11,0.55,0.8,-6.49,3.26,1.07,-0.63,0.18,0.78,1.36,1.955,3.257,0.86,-0.849,-0.92,0.166,0.357,0.604,0.805,1.496,1.807,1.942,3.404,2.264,1.553,1.415,2.563
,(구)청원군,,-,-,-,-,-,3.46,7.04,5.4,15.6,42.9,27.1,13.1,3.59,9.55,21.33,7.38,14.17,5.23,-6.3,0.96,2.62,1.72,2.25,-3.29,6.87,1.98,0.84,9.13,6.45,7.98,9.884,7.344,1.286,-0.041,0.066,0.25,0.347,1.318,1.333,1.004,-,-,-,-,-,-,-
,보은군,,-,-,-,-,-,0.36,7.04,5.5,17.8,16.2,15.6,6.5,6.91,23.61,12.17,10.77,4.41,0.02,-6.62,-1.11,0.05,0.42,0.93,-4.49,4.61,0.96,0.04,-0.7,-0.15,0.78,1.858,2.652,1.272,-0.09,0.076,0.511,0.09,0.369,0.62,1.179,1.968,1.837,2.41,2.604,1.534,1.426,1.747
,옥천군,,-,-,-,-,-,0.32,7.38,5.7,17.5,24.8,18.3,8.7,3.26,35.85,13.94,14.48,8.59,-0.27,-5.37,-0.31,0.03,0.05,0.57,-6.61,4.6,0.52,0.45,0.33,0.12,1.27,1.577,1.783,1.479,-0.481,0.006,0.721,0.493,0.595,0.894,2.187,2.067,1.75,2.523,2.618,1.887,1.881,1.974
,영동군,,23.2,20.5,27.89,10.66,6.31,2.57,7.08,5.3,13.1,23,14.8,6.2,3.31,22.62,12.3,6.67,6.28,2.18,-4.94,-0.26,0.62,0.78,0.37,-7.18,4.79,1.01,0.09,-0.26,0.03,0.38,2.716,2.382,1.378,-0.156,0.159,0.608,0.849,0.559,0.697,1.217,1.621,1.284,2.086,2.397,1.756,1.652,1.945
,증평군,,-,-,-,-,-,-,-,-,-,-,-,-,-,-,-,-,-,-,-,-,-,-,-,-,-,-,-,-,0.1,3.22,3.063,2.143,1.29,-0.171,0.252,0.464,0.274,0.684,0.904,1.573,1.419,1.396,2.669,2.768,1.87,1.791,2.97
,진천군,,-,-,-,-,-,5.77,6.57,5.7,15,25.5,21.7,16.2,15.87,16.11,22.08,12.35,9.43,2.85,-5.94,-0.68,-0.04,0.66,1.13,-7.67,3.76,0.03,0.39,-0.02,0.81,4.05,6.309,12.338,3.577,-0.114,0.458,1.304,0.777,1.614,1.157,1.99,1.81,1.9,3.43,3.265,2.409,2.812,4.13
,괴산군,,-,-,-,-,-,1.24,6.13,4.1,12.8,19.6,19.7,10.8,8.26,8.72,11.86,20.81,7.77,2.14,-6.26,-0.84,0.49,1.06,0.97,-7.85,8.1,2.5,0.56,-0.07,1.25,0.62,2.224,2.175,1.368,-0.048,0.242,0.779,0.683,0.656,0.459,1.092,2.075,1.868,2.606,2.224,1.598,1.547,2.456
,음성군,,27.6,36.81,44.15,17.01,7.02,3.69,6.1,5.3,9.1,19.9,19.1,10.6,14.86,14,16.47,11.74,10.39,2.96,-5.94,-0.74,0.75,1.57,0.95,-8.64,5.21,0.86,0.49,0.08,0.56,3.22,6.23,12.12,2.011,-0.506,0.571,1.164,1.647,1.721,1.298,2.346,2.231,2.685,3.776,3.021,2.177,2.109,2.964
,중원군,,-,-,-,-,-,4.78,7.58,9.2,17,11.7,12.8,12.5,-,-,-,-,-,-,-,-,-,-,-,-,-,-,-,-,-,-,-,-,-,-,-,-,-,-,-,-,-,-,-,-,-,-,-
,제원군,,-,-,-,-,-,3.28,8.31,7.4,18.7,15,8,9.5,-,-,-,-,-,-,-,-,-,-,-,-,-,-,-,-,-,-,-,-,-,-,-,-,-,-,-,-,-,-,-,-,-,-,-
,제천군,,-,-,-,-,-,-,-,-,-,-,-,-,-,-,-,-,-,-,-,-,-,-,-,-,-,-,-,-,-,-,-,-,-,-,-,-,-,-,-,-,-,-,-,-,-,-,-
,단양군,,-,-,-,-,-,1.07,8.94,8.6,24.3,15.3,7.8,9.1,1.04,11.65,14.09,7.16,8.04,2.12,-5.82,-0.27,0.23,0.93,0.21,-8.12,2.96,0.11,0.31,0.38,0.58,0.34,2.694,2.128,1.267,-0.527,0.149,0.458,0.91,0.749,0.601,1.541,1.896,2.312,3.823,3.078,1.742,1.313,2.45
충남,,,-,-,-,-,-,11.18,4.85,4.7,19.6,30.4,16.1,14.5,6.18,16.34,27.5,11.41,9.56,1.12,-6.36,-0.48,-0.27,1.08,1.13,-7.11,3.18,1.18,0.36,2.48,4.81,11.65,8.322,5.546,2.025,-0.117,0.257,1.161,0.762,0.88,0.777,1.386,1.512,1.898,2.983,2.276,1.632,2.08,2.81
,시지역,,-,-,-,-,-,-,-,-,-,-,-,-,-,-,-,-,-,-,-,-,-,-,-,-,-,-,-,-,-,-,-,-,-,-,-,-,-,0.92,0.799,1.476,1.593,1.976,3.21,2.383,1.643,2.197,2.999
,군지역,,-,-,-,-,-,-,-,-,-,-,-,-,-,-,-,-,-,-,-,-,-,-,-,-,-,-,-,-,-,-,-,-,-,-,-,-,-,0.8,0.7,1.056,1.236,1.632,2.208,1.909,1.589,1.683,2.162
,대전시,,-,-,-,-,-,-,-,-,-,-,-,-,-,-,-,-,-,-,-,-,-,-,-,-,-,-,-,-,-,-,-,-,-,-,-,-,-,-,-,-,-,-,-,-,-,-,-
,,대전시동구,-,-,-,-,-,-,-,-,-,-,-,-,-,-,-,-,-,-,-,-,-,-,-,-,-,-,-,-,-,-,-,-,-,-,-,-,-,-,-,-,-,-,-,-,-,-,-
,,중구,-,-,-,-,-,-,-,-,-,-,-,-,-,-,-,-,-,-,-,-,-,-,-,-,-,-,-,-,-,-,-,-,-,-,-,-,-,-,-,-,-,-,-,-,-,-,-
,,서구,-,-,-,-,-,-,-,-,-,-,-,-,-,-,-,-,-,-,-,-,-,-,-,-,-,-,-,-,-,-,-,-,-,-,-,-,-,-,-,-,-,-,-,-,-,-,-
,천안시,,20.77,34.99,37.7,35.23,7.9,12.9,9.37,8.2,24.4,23.2,26.3,10.2,11.42,17.32,21.14,10.27,24.77,4.07,-3.86,-0.27,0.34,2.56,1.85,-6.5,2.13,0.06,0.2,4.9,8.28,17.82,7.281,2.864,2.234,-0.063,-0.055,0.795,0.592,0.535,0.462,1.29,1.51,1.875,3.309,2.562,1.817,2.636,3.601
,,동남구,-,-,-,-,-,-,-,-,-,-,-,-,-,-,-,-,-,-,-,-,-,-,-,-,-,-,-,-,-,-,-,-,-,-0.328,-0.178,0.833,0.75,0.525,0.363,0.91,1.749,1.789,2.623,2.064,1.513,2.151,3.679
,,서북구,-,-,-,-,-,-,-,-,-,-,-,-,-,-,-,-,-,-,-,-,-,-,-,-,-,-,-,-,-,-,-,-,-,0.171,0.055,0.766,0.469,0.543,0.537,1.573,1.325,1.937,3.847,2.945,2.055,3.005,3.545
,공주시,,-,-,-,-,-,-,-,-,-,-,-,23.3,6.22,21.22,21.98,11.02,11.06,-0.17,-7.26,-0.96,-0.91,0.54,1.6,-8.12,4.03,0.95,-0.07,2.05,6.6,9.15,17.725,9.523,1.125,-1.584,-0.442,0.729,0.89,2.155,0.794,1.573,2.439,2.92,2.341,2.321,1.873,2.353,3.862
,대천시,,-,-,-,-,-,-,-,-,-,-,-,27,-,-,-,-,-,-,-,-,-,-,-,-,-,-,-,-,-,-,-,-,-,-,-,-,-,-,-,-,-,-,-,-,-,-,-
,보령시,,-,-,-,-,-,-,-,-,-,-,-,-,-,-,-,-,-,-,-,-,-1.02,1.06,1.03,-7.46,4.03,1.77,1.19,4.04,2.41,6.37,6.13,5.466,1.328,-1.673,0.2,1.57,0.487,0.673,0.509,1.509,1.198,1.578,2.319,2.02,1.476,1.758,2.386
,온양시,,-,-,-,-,-,-,-,-,-,-,-,16.3,-,-,-,-,-,-,-,-,-,-,-,-,-,-,-,-,-,-,-,-,-,-,-,-,-,-,-,-,-,-,-,-,-,-,-
,아산시,,-,-,-,-,-,-,-,-,-,-,-,-,16.33,25.03,16.76,23.61,8.56,8.85,-5.33,0.81,-0.05,3.83,1.42,-8.21,2.88,1.22,0.27,4.76,8.73,17.6,9.809,5.698,2.088,0.174,0.812,1.573,0.892,0.617,0.663,1.397,1.345,2.206,3.664,2.388,2.186,2.923,3.571
,서산시,,-,-,-,-,-,-,-,-,-,-,-,-,-,-,28.46,10.75,10.83,0.39,-6.95,-0.32,-1.56,-0.37,0.91,-8.6,3.29,1.28,0.11,0.96,2.39,8.92,4.275,3.968,1.897,-0.177,0.817,0.96,0.664,1.406,1.167,1.457,1.832,1.795,3.528,2.753,1.819,2.127,2.628
,논산시,,-,-,-,-,-,-,-,-,-,-,-,-,6.82,11.27,32.33,15.59,11.59,0.73,-7.11,-0.57,-0.65,0.76,1.38,-7.46,2.81,1.5,0.68,0.74,4.65,4.09,7.55,1.36,0.338,-1.066,-1.003,0.929,1.112,1.35,0.778,1.003,1.492,1.997,2.711,2.498,1.749,2.019,2.594
,계룡시,,-,-,-,-,-,-,-,-,-,-,-,-,-,-,-,-,-,-,-,-,-,-,-,-,-,-,-,-,2.09,7.37,7.574,3.21,0.08,-2.372,-0.343,-0.166,0.202,0.292,0.247,0.934,0.999,1.969,2.329,2.091,1.694,2.248,2.714
,당진시,,-,-,-,-,-,-,-,-,-,-,-,-,-,-,-,-,-,-,-,-,-,-,-,-,-,-,-,-,-,-,-,-,-,-,-,-,0.091,1.11,1.507,2.072,1.687,1.702,3.207,1.992,0.599,0.831,1.537
,금산군,,22.67,17.55,32.54,19.37,6.14,9.65,3.75,2.9,13,14,21.1,12.4,9.01,21.46,11.56,10.87,18.18,3.67,-5.79,-0.27,0.02,1.31,1.24,-6.17,3.56,2.37,0.91,0.36,1.75,5.48,7.599,3.222,0.642,-1.508,-1.536,0.731,1,0.701,0.65,0.995,1.33,1.401,1.938,2.248,1.516,1.538,2.309
,대덕군,,-,-,-,-,-,12.07,4.23,3.9,31.2,62.9,14.3,17.8,-,-,-,-,-,-,-,-,-,-,-,-,-,-,-,-,-,-,-,-,-,-,-,-,-,-,-,-,-,-,-,-,-,-,-
,연기군,,-,-,-,-,-,10.06,3.65,4.9,14.7,29.5,11.1,15.2,7.32,12.43,20.15,10,5.69,0.19,-7.88,-0.68,-0.37,0.53,0.53,-7.88,3.23,0.58,-0.13,2.42,11.59,23.33,27.711,10.384,0.872,-3.764,-1.292,0.68,1.079,-,-,-,-,-,-,-,-,-,-
,공주군,,-,-,-,-,-,9.4,9.2,3.4,16.1,24.3,22,11.7,-,-,-,-,-,-,-,-,-,-,-,-,-,-,-,-,-,-,-,-,-,-,-,-,-,-,-,-,-,-,-,-,-,-,-
,논산군,,-,-,-,-,-,12.05,3.86,4.3,15.8,20.7,19.4,25.4,-,-,-,-,-,-,-,-,-,-,-,-,-,-,-,-,-,-,-,-,-,-,-,-,-,-,-,-,-,-,-,-,-,-,-
,부여군,,-,-,-,-,-,11.16,1.83,3.4,14.7,9.7,14,6.9,7.06,9.63,19.91,11.4,3.9,-2.95,-6.66,0.04,0.12,0.57,1.15,-6.8,3.97,1.6,0.39,0.4,0.79,4.34,3.758,2.062,1.031,-0.813,0.286,0.462,0.565,0.826,0.48,1.002,1.353,1.748,1.949,2.016,1.904,1.66,2.382
,서천군,,26.26,22.77,52.88,30.8,9.42,11.03,6.41,4.4,8.7,11.2,11.3,9.9,23.85,23.76,27.89,11.23,7.34,0.36,-7.68,-1.73,-0.11,0.18,0.24,-4.81,3.23,2.34,-0.09,0.23,0.42,1.6,5.291,1.356,1.533,-0.763,0.051,0.401,0.419,0.599,0.696,0.944,1.167,1.533,1.886,0.668,0.827,1.12,1.488
,보령군,,-,-,-,-,-,10.73,6.92,7.3,9.3,12.5,15.9,7.6,-,-,-,-,-,-,-,-,-,-,-,-,-,-,-,-,-,-,-,-,-,-,-,-,-,-,-,-,-,-,-,-,-,-,-
,청양군,,-,-,-,-,-,11.06,2.4,6.7,8.9,11.7,10.5,11.3,7.35,20.82,14.27,3.38,4.71,0.31,-6.94,-0.77,-0.38,0.9,1.14,-6.75,2.51,0.48,-0.1,0.14,0.77,8.84,5.943,7.271,2.383,-1.223,0.25,0.57,0.81,0.864,0.478,0.556,1.212,1.697,1.895,1.587,1.229,1.463,1.815
,홍성군,,-,-,-,-,-,7.21,5.8,5.9,9.8,13.3,14.5,17.3,8.48,10.45,61.9,10.02,1.33,1.06,-6.14,-0.63,-0.19,-0.04,1.31,-6.62,3,1.81,0.21,1.09,1.71,9.72,4.319,16.847,3.769,1.508,0.247,1.556,0.938,1.165,1.004,1.309,1.536,1.553,2.178,1.656,1.543,1.967,2.474
,예산군,,-,-,-,-,-,8.65,3.98,6.9,13.5,8.4,13.5,10.3,11.58,21.26,43.11,3.48,3.94,0.41,-6.79,-0.48,-0.08,0.35,0.6,-5.86,3.35,0.97,-0.04,0.22,0.72,9.68,3.614,17.062,3.536,0.602,0.371,1.001,0.669,0.971,0.737,1.078,1.403,1.733,2.128,2.101,1.751,1.726,2.039
,서산군,,-,-,-,-,-,6.8,6.74,4.8,6.4,8.2,9.6,16.5,-,-,-,-,-,-,-,-,-,-,-,-,-,-,-,-,-,-,-,-,-,-,-,-,-,-,-,-,-,-,-,-,-,-,-
,태안군,,-,-,-,-,-,-,-,-,-,-,-,-,-,-,27.2,14.87,-2.96,-1.21,-7.66,-1.03,-0.36,-0.24,0.66,-7.03,4.17,1.43,0.04,3.42,1.54,8.11,5.863,5.345,3.336,-1.828,-0.225,1.498,0.888,0.882,0.627,1.082,0.705,1.681,2.866,2.366,1.734,1.745,2.177
,당진군,,-,-,-,-,-,7.36,5.39,3.4,4.9,5.9,9.4,11.2,15.4,21.94,22.08,8.08,11.44,2.52,-5.2,0.3,1.14,0.12,0.03,-6.26,4.06,2.11,1.21,1.34,2.29,11.04,5.879,4.875,3.335,5.628,2.578,2.661,0.751,-,-,-,-,-,-,-,-,-,-
,아산군,,-,-,-,-,-,9.47,0.54,0.4,12.7,22.9,18.1,9.7,-,-,-,-,-,-,-,-,-,-,-,-,-,-,-,-,-,-,-,-,-,-,-,-,-,-,-,-,-,-,-,-,-,-,-
,천원군,,-,-,-,-,-,7.12,4.98,2.4,21.4,23.9,20,10.9,-,-,-,-,-,-,-,-,-,-,-,-,-,-,-,-,-,-,-,-,-,-,-,-,-,-,-,-,-,-,-,-,-,-,-
,천안군,,-,-,-,-,-,-,-,-,-,-,-,-,-,-,-,-,-,-,-,-,-,-,-,-,-,-,-,-,-,-,-,-,-,-,-,-,-,-,-,-,-,-,-,-,-,-,-
전북,,,-,-,-,-,-,11.88,7.11,4,7.1,8.7,4,4.3,15.12,27.07,29.68,10.84,9.4,1.64,-5.94,-0.6,0.48,1.13,0.57,-5.6,2.17,1.13,-0.13,0.64,0.96,0.7,1.379,1.291,1.211,2.583,-0.529,0.658,0.769,1.433,1.041,1.584,2.307,2.151,3.326,2.717,2.597,2.368,2.571
,시지역,,-,-,-,-,-,-,-,-,-,-,-,-,-,-,-,-,-,-,-,-,-,-,-,-,-,-,-,-,-,-,-,-,-,-,-,-,-,1.477,1.063,1.6,2.378,2.091,3.099,2.391,2.416,2.23,2.494
,군지역,,-,-,-,-,-,-,-,-,-,-,-,-,-,-,-,-,-,-,-,-,-,-,-,-,-,-,-,-,-,-,-,-,-,-,-,-,-,1.28,0.966,1.535,2.079,2.337,4.021,3.704,3.14,2.772,2.792
,전주시,,19.99,16.17,25.24,57.4,16.34,19.67,7.31,6.9,5.2,8.3,3.3,5.8,15.37,25.78,32.84,16.61,11.1,1.94,-5.72,-1.05,0.27,0.92,0.62,-7.95,1.81,0.38,-0.05,1.32,2.3,1.22,1.768,1.82,1.975,-0.019,0.011,0.671,0.965,1.637,1.261,1.856,3.276,2.81,3.929,3.967,3.062,2.759,2.878
,,완산구,-,-,-,-,-,-,-,-,-,-,-,-,-,-,-,16.68,11.76,2.21,-5.97,-1.36,0.27,0.92,0.87,-8.49,1.28,0.24,-0.33,1.14,2.61,0.66,1.999,1.693,2.016,-0.023,0.021,0.854,1.339,1.917,1.26,1.889,3.824,2.955,3.544,3.739,2.996,2.789,2.884
,,덕진구,-,-,-,-,-,-,-,-,-,-,-,-,-,-,-,16.51,10.24,1.59,-5.49,-0.75,0.27,0.92,0.4,-7.48,2.32,0.53,0.22,1.49,1.99,1.77,1.521,1.955,1.934,-0.014,-0.002,0.46,0.518,1.301,1.261,1.816,2.628,2.64,4.368,4.14,3.126,2.735,2.891
,군산시,,-,-,-,-,15.68,24.59,3.41,2.5,7.6,9.4,6.4,3.4,29.15,41.5,34.28,10,17.48,1.98,-7.49,-0.63,-0.6,1.1,0.61,-5.27,1.51,0.45,-0.31,-0.11,-0.03,0.35,0.424,0.6,1.376,15.211,-2.663,1.02,0.765,1.432,1.066,1.468,1.889,1.257,1.171,-1.922,0.298,0.814,1.93
,익산시,,-,-,-,-,-,-,-,-,-,-,-,-,-,-,-,-,-,-,-,-,1.4,1.74,0.29,-6.72,2.08,1.09,-0.39,0.33,0.33,0.68,0.829,1.037,0.647,-0.023,-0.348,0.581,0.558,1.982,0.894,1.367,1.84,2.005,3.911,3.87,3.141,2.573,2.512
,이리시,,20.33,22.41,36.09,68.91,6.21,2.83,3.79,1.7,9.7,9.1,7.6,6.8,-,-,-,-,-,-,-,-,-,-,-,-,-,-,-,-,-,-,-,-,-,-,-,-,-,-,-,-,-,-,-,-,-,-,-
,정주시,,-,-,-,-,-,-,-,2.8,13.2,9.5,3,3.9,-,-,-,-,-,-,-,-,-,-,-,-,-,-,-,-,-,-,-,-,-,-,-,-,-,-,-,-,-,-,-,-,-,-,-
,정읍시,,-,-,-,-,-,-,-,-,-,-,-,-,-,-,-,-,-,-,-,-,0.42,1.04,0.81,-5.56,2.14,1.29,-0.36,-0.23,-0.04,0.16,0.509,1.36,0.502,-0.011,0.009,0.411,0.299,1.166,1.007,1.482,2.313,2.012,3.497,3.034,2.828,2.631,2.572
,남원시,,-,-,-,-,-,-,-,13.4,6.3,12.7,3.6,5.5,3.09,11.96,13.78,12.99,10.23,1.77,-4.1,0.26,1.06,1.05,0.48,-3.74,4.63,2.19,0.25,0.33,-0.2,-0.11,0.036,-0.306,-0.112,-0.954,0.021,0.231,0.286,0.544,0.735,1.425,1.767,1.847,2.926,3.072,2.768,2.458,2.416
,김제시,,-,-,-,-,-,-,-,-,-,-,-,-,-,-,28.71,11.6,3.84,-0.5,-4.97,-0.06,0.13,0.51,0.27,-2.45,2.73,2.32,-0.23,-0.06,0.09,0.34,1.053,0.309,0.624,0.849,0.039,0.507,0.409,0.759,0.802,1.563,1.576,1.884,3.025,3.333,3.035,2.277,2.11
,완주군,,-,-,-,-,-,6.14,6.84,6.3,6.2,11.1,5.7,5.9,14.77,36.27,40.29,9.74,7.26,1.96,-6.32,0,1.55,1.61,0.93,-1.87,2.26,1.76,0.3,1.45,3.11,1.31,3.146,3.759,1.69,-0.148,0.055,0.519,1.382,2.309,1.12,1.816,2.515,3.073,4.856,4.075,3.446,3.16,3.225
,진안군,,-,-,-,-,-,3.59,4.34,3.4,5.1,7.1,3.6,4.7,7.07,11.51,21.24,8.89,4.09,1.89,-1.61,0.15,0.94,0.85,0.75,-3.61,2.52,2.39,-0.18,0.65,0.87,1.2,0.755,0.876,0.539,-0.176,0.011,0.174,0.24,0.646,0.75,1.609,1.396,1.594,3.211,3.199,2.958,2.398,2.46
,무주군,,-,-,-,-,-,4.91,4.71,3.9,5.2,11.6,4.5,5.2,3.84,16.77,16.69,7.82,4.35,1.92,-2.79,1.41,0.52,1.72,0.28,-2.23,1.04,1.14,-0.15,1.05,1.04,1.42,14.768,5.184,1.421,-0.056,0.005,0.154,0.571,0.639,0.686,1.107,1.692,1.545,3.44,3.187,2.822,2.47,2.497
,장수군,,-,-,-,-,-,2.89,10.69,2.1,5.5,7.1,2.7,2.6,5.43,12.32,22.91,4.51,3.77,0.09,-6.13,0.87,0.22,1.83,0.24,-3.05,2.86,2.99,0.28,0.52,0.82,0.96,1.596,1.338,0.926,-0.134,0.041,0.314,0.19,0.365,0.694,1.326,1.549,1.601,3.05,3.092,2.787,2.515,2.464
,임실군,,-,-,-,-,-,6.44,5.99,2.1,1.6,7.1,3.3,4.6,4.59,17.93,11.67,6.99,3.92,-0.01,-4.2,-0.74,0.31,0.41,0.79,-1.36,2.95,2.39,0.18,0.43,0.13,0.13,-0.012,0.634,0.37,-0.228,0.003,0.348,0.709,0.628,0.819,1.377,1.874,2.111,3.277,3.128,2.758,2.557,2.491
,남원군,,-,-,-,-,-,15.81,18.18,1.8,6.2,7,2.3,5.3,-,-,-,-,-,-,-,-,-,-,-,-,-,-,-,-,-,-,-,-,-,-,-,-,-,-,-,-,-,-,-,-,-,-,-
,순창군,,-,-,-,-,-,7.76,29.35,5.7,3.2,6.7,1.3,3.1,2.21,10.94,17.96,3.57,1.16,-0.58,-4.13,-0.9,0.2,0.4,0.4,-4.38,2.13,1.63,-0.02,0.78,0.17,0.12,0.429,0.453,0.303,-0.005,0.03,0.244,0.366,0.588,0.622,1.557,1.888,2.077,3.481,3.215,2.958,2.481,2.347
,정읍군,,19.37,21.51,29.12,36.63,6.01,6.12,8.59,3.5,8.4,6.9,3,3.4,-,-,-,-,-,-,-,-,-,-,-,-,-,-,-,-,-,-,-,-,-,-,-,-,-,-,-,-,-,-,-,-,-,-,-
,고창군,,23.4,15.43,26.3,27.39,10.24,11.46,2.27,2.6,7.3,7.1,2.7,2.2,10.18,23.64,21.81,-4.44,0.66,-1.86,-4.49,-1.88,0.98,0.67,0.49,-3.13,3.05,1.91,-0.03,0.35,-0.19,0.13,0.154,0.188,0.6,-0.04,0.03,0.347,0.573,1.026,1.188,1.349,1.867,1.96,3.365,3.471,3.058,2.437,2.533
,부안군,,-,-,-,-,-,17.98,1.84,4.1,8.9,8,1.7,3.3,10.7,19.9,38.64,6.94,3.07,1.14,-4.88,-0.25,0.88,1.66,0.97,-2.93,3.42,3.45,0.22,1.45,0.52,0.34,1.405,0.49,1.667,2.18,0.019,1.538,1.609,1.172,0.987,1.487,2.159,2.293,4.072,4.036,3.085,2.749,2.754
,김제군,,-,-,-,-,-,12.4,0.36,1.6,9.4,8.1,3,3.5,-,-,-,-,-,-,-,-,-,-,-,-,-,-,-,-,-,-,-,-,-,-,-,-,-,-,-,-,-,-,-,-,-,-,-
,옥구군,,-,-,-,-,-,11.93,3.47,1.4,8.5,10.9,6.8,3.9,-,-,-,-,-,-,-,-,-,-,-,-,-,-,-,-,-,-,-,-,-,-,-,-,-,-,-,-,-,-,-,-,-,-,-
,익산군,,-,-,-,-,-,13.19,1.12,1.6,8.6,10.2,7.5,5.3,-,-,-,-,-,-,-,-,-,-,-,-,-,-,-,-,-,-,-,-,-,-,-,-,-,-,-,-,-,-,-,-,-,-,-
전남,,,-,-,-,-,-,19.13,13.87,6.5,9,3.1,2.8,5.1,13.6,32.54,38.38,9.54,4.5,-0.12,-5.53,-0.54,0.2,0.83,0.69,-6.96,4.5,1.94,0.35,0.95,0.5,0.93,2.448,1.91,1.309,0.26,0.351,1.133,0.948,1.345,0.961,1.802,2.802,2.603,3.902,3.995,3.896,3.322,3.671
,시지역,,-,-,-,-,-,-,-,-,-,-,-,-,-,-,-,-,-,-,-,-,-,-,-,-,-,-,-,-,-,-,-,-,-,-,-,-,-,1.726,1.117,2.114,3.027,2.74,4.145,4.093,4.051,3.566,3.986
,군지역,,-,-,-,-,-,-,-,-,-,-,-,-,-,-,-,-,-,-,-,-,-,-,-,-,-,-,-,-,-,-,-,-,-,-,-,-,-,0.963,0.794,1.459,2.535,2.436,3.609,3.875,3.707,3.034,3.311
,(구)나주시,,-,-,-,-,-,-,-,7.8,11.7,2.4,3.7,5.1,-,-,-,-,-,-,-,-,-,-,-,-,-,-,-,-,-,-,-,-,-,-,-,-,-,-,-,-,-,-,-,-,-,-,-
,광산군,,-,-,-,-,-,27.24,16.29,7.7,11.6,4,4.9,5,-,-,-,-,-,-,-,-,-,-,-,-,-,-,-,-,-,-,-,-,-,-,-,-,-,-,-,-,-,-,-,-,-,-,-
,목포시,,19.41,29.92,47.2,23.59,34.16,34.45,17.53,7.7,6.5,3.1,0.6,0.5,16.16,31.1,47.32,18.96,5.48,-0.23,-2.49,0.14,0.51,0.98,0.64,-7.52,3.93,0.38,0.43,1.55,-0.38,0.26,0.41,0.265,0.08,-0.26,0.051,0.547,0.147,0.837,0.803,1.203,1.242,1.006,2.516,2.842,3.598,2.869,2.561
,여수시,,-,-,-,-,32.66,29.08,13.48,6.9,8.7,2.4,2.7,0.7,13.28,20.8,53,5.99,3.11,-1.6,-5.87,-0.81,0.44,0.1,0.63,-10.74,3.99,1.63,0.23,0.95,1.21,1.07,0.808,1.011,3.128,3.653,1.077,2.5,2.211,2.482,1.287,1.647,3.254,3.586,4.87,4.794,3.962,4.01,5.004
,순천시,,27.98,43.84,21.55,10.22,26.55,28.91,10.95,6.9,8.4,2.9,3.4,9.4,14.76,78.7,52.92,19.2,4.51,-0.83,-7.78,-0.93,0.16,0.94,0.27,-8.73,1.73,0.63,-0.21,0.74,0.71,1.4,0.053,1.025,0.897,-0.217,0.366,1.15,0.906,1.688,1.019,1.494,2.551,2.553,4.469,4.136,4.208,3.714,3.913
,나주시,,-,-,-,-,-,-,-,-,-,-,-,-,10.48,29.37,10.1,15.84,11.23,0.26,-7.22,-0.78,0.78,0.86,0.73,-5.59,3.88,2.52,-0.02,-0.14,-0.21,0.15,11.215,9.865,2.034,1.254,0.324,0.59,0.538,1.23,1.008,4.456,5.329,3.072,4.928,4.875,4.889,3.675,3.533
,여천시,,-,-,-,-,-,-,-,-,-,-,-,7.2,-,-,-,-,-,-,-,-,-,-,-,-,-,-,-,-,-,-,-,-,-,-,-,-,-,-,-,-,-,-,-,-,-,-,-
,동광양시,,-,-,-,-,-,-,-,-,-,-,-,-,-,-,-,-,-,-,-,-,-,-,-,-,-,-,-,-,-,-,-,-,-,-,-,-,-,-,-,-,-,-,-,-,-,-,-
,광양시,,-,-,-,-,-,-,-,-,-,-,-,-,-,-,-,-,-,-,-,-,-1.06,0.28,0.47,-13.02,2.7,0.72,-0.22,2.2,0.8,0.91,2.794,1.444,0.922,-0.066,0.603,1.961,1.867,1.787,1.31,2.404,2.613,2.613,3.1,3.138,3.549,3.073,3.721
,담양군,,-,-,-,-,-,14.09,11.51,7.1,9.2,3.4,4.9,13.6,7.21,18.82,12.04,3.54,8.87,0.49,-3.86,-0.08,1.5,1.95,0.52,-5.56,4.85,1.36,0.61,0.94,0.25,0.2,3.103,1.805,1.361,-0.769,0.12,0.644,0.464,0.946,0.998,1.477,3.172,3.129,5.154,5.879,4.729,3.932,4.137
,곡성군,,-,-,-,-,-,13.52,11.98,7.1,8.7,2.4,6.7,8.7,8.67,28.18,14.73,3.2,0.77,-1,-6.89,-0.18,0.88,0.45,0.97,-3.75,4.25,1.34,0.44,1.39,1.3,1.31,1.093,0.88,0.437,-1.045,0.085,0.491,0.49,0.837,0.832,1.247,2.757,2.969,3.922,3.434,3.071,2.562,2.787
,구례군,,-,-,-,-,-,15.25,11.18,7,8.1,3.7,5.3,6.9,9.97,27.46,11.65,-1.08,3.47,1.09,-1.98,-0.12,0.7,0.67,1.11,-8.14,4.2,1.02,-0.02,0.17,0.32,0.09,0.649,1.31,0.605,-1.002,0.209,0.769,1.108,0.99,0.66,1.31,5.106,2.86,4.673,4.055,3.665,2.959,3.331
,광양군,,-,-,-,-,-,10.23,14.86,20.8,15.4,3.3,2.8,6.4,-,-,-,-,-,-,-,-,-,-,-,-,-,-,-,-,-,-,-,-,-,-,-,-,-,-,-,-,-,-,-,-,-,-,-
,여천군,,-,-,-,-,-,26.77,14.27,6.9,8.4,2.5,1.6,4.5,-,-,-,-,-,-,-,-,-,-,-,-,-,-,-,-,-,-,-,-,-,-,-,-,-,-,-,-,-,-,-,-,-,-,-
,승주군,,-,-,-,-,-,16.66,9.34,6.6,8.6,3.3,2.7,3.6,-,-,-,-,-,-,-,-,-,-,-,-,-,-,-,-,-,-,-,-,-,-,-,-,-,-,-,-,-,-,-,-,-,-,-
,고흥군,,-,-,-,-,-,9.29,8.64,4.7,7.3,4.1,0.7,2.9,9.91,13.73,7.09,10.3,3.85,0.25,-6.27,-0.27,0.56,1.35,1.28,-3.22,5.08,3.11,1.16,0.48,0.05,0.28,0.442,0.215,0.356,-1.059,-0.163,0.774,1.406,0.788,0.723,1.11,2.424,2.658,4.14,3.608,3.198,2.723,3.337
,보성군,,30.15,20.52,17.62,14.67,18.36,9.87,9.88,4,11.2,3.6,2.3,5,11.01,17.95,6.62,4.46,4.43,0.87,-3.4,0.91,1.5,0.71,0.83,-3.5,3.3,1.94,0.05,0.44,0.4,0.35,0.544,0.692,0.8,-0.996,0.037,0.488,0.859,0.782,0.915,1.228,2.38,2.173,3.087,3.136,2.837,2.514,3.449
,화순군,,-,-,-,-,-,14.88,11.19,9,9.5,3.5,1.6,10.4,8.33,19.38,13.93,7.38,3.02,0.38,-5.41,-0.18,0.82,1.47,1.15,-5.36,4.18,3,1.16,0.83,1.38,0.48,1.135,1.589,1.106,-1.012,0.052,0.595,0.474,0.886,0.793,1.543,2.763,2.846,3.884,4.637,4.906,3.502,3.696
,장흥군,,-,-,-,-,-,11.17,9.91,3.8,9.2,3.9,1.4,6.1,9.72,14.51,16.46,1.36,-1.68,-0.09,-5.1,-0.64,-0.74,0.49,1.22,0.69,7.43,2.85,0.19,0.59,-0.25,0.25,0.499,0.508,0.528,-0.164,0.111,0.96,0.673,0.911,0.967,1.875,2.004,2.2,3.06,3.235,3.206,2.502,2.844
,강진군,,-,-,-,-,-,11.06,10.55,3.6,8.8,3.3,4.3,6,11.41,14.91,9.28,6.95,5.07,1.23,-6.6,-0.71,0.06,0.85,0.55,-2.51,3.59,2.54,0.72,0.3,0.39,0.29,0.382,0.355,0.395,-0.314,0.07,0.781,0.499,0.919,0.826,1.628,1.932,2.255,3.374,3.137,3.111,2.602,2.799
,해남군,,-,-,-,-,-,12.12,9.01,3.9,9.7,3.2,1.8,7.6,13.07,17.21,21.63,10.17,5.38,-0.23,-7.39,-1.88,-0.4,1.19,0.65,-2.96,3.6,1.81,-0.24,0.04,0.67,4.54,4.714,3.002,0.919,-0.302,0.201,0.778,1.032,1.129,0.948,1.294,1.803,2.299,2.943,3.237,3.132,2.77,3.115
,영암군,,-,-,-,-,-,12.48,7.66,6.3,5.4,3.1,4.1,5.3,23.05,32.15,31.79,6.67,9.09,-0.16,-7.32,-1.01,-0.53,0.64,1.1,-5.58,4.44,2.25,0.74,0.16,-0.15,1.62,3.769,1.383,1.065,-0.909,0.17,1.009,0.456,1.211,0.637,1.27,2.063,1.72,2.129,3.136,3.114,2.448,2.805
,무안군,,-,-,-,-,-,19.67,8.11,6.5,7.3,3.1,4.2,5.4,9.82,24.58,8.22,-2.61,0.22,-1.19,-4.74,1.32,-0.39,1.1,1.28,-0.05,24.8,8.48,2.3,3.55,0.57,1.06,8.294,4.56,2.918,0.659,0.403,0.532,0.276,1.081,0.687,1.302,2.308,2.403,3.443,3.465,3.504,3.046,3.049
,나주군,,-,-,-,-,-,16.07,16.93,8.9,8.8,2.7,5,6.8,-,-,-,-,-,-,-,-,-,-,-,-,-,-,-,-,-,-,-,-,-,-,-,-,-,-,-,-,-,-,-,-,-,-,-
,함평군,,29.53,61.65,12.9,9.64,14.17,13.6,11.46,6.6,7.1,3.7,4,6.3,6.96,15.08,23.18,10.08,1.37,-1.58,-6.09,-1.05,0.35,0.96,0.86,-1.69,3.73,2.64,1.21,1.08,1.01,0.49,0.49,0.989,0.524,-0.177,0.113,0.676,0.324,0.69,0.548,1.617,2.29,2.01,3.588,3.602,3.509,3.395,3.367
,영광군,,-,-,-,-,-,11.49,12.43,59,6.8,3.5,4.6,4.7,9.79,31.4,16.27,4.34,1.1,0.55,-5.28,-0.43,-0.09,1.23,0.74,-4.02,3.93,1.36,-0.44,0.92,-0.57,0.22,0.332,0.192,0.127,-0.969,0.073,0.541,0.64,0.654,0.67,1.622,2.429,1.887,4.121,3.748,3.307,2.728,2.76
,장성군,,-,-,-,-,-,10.32,6.44,7.8,8.2,3.9,4.4,6.2,15.85,28.98,11.62,11.78,2.26,1.51,-5.59,-0.07,1,1.21,0.89,-7.01,3.82,2.51,0.41,0.43,0.29,0.27,3.485,0.563,1.095,-0.504,0.095,0.859,0.684,0.898,0.651,1.887,3.638,2.813,5.002,5.502,4.924,3.639,4.23
,완도군,,-,-,-,-,-,13.84,13.15,7.7,7.8,3.3,0.3,2.7,6.5,20.33,16.52,3.28,2.49,2.37,-6.44,-1.42,-0.07,0.19,0.81,-3.54,3.18,2.39,0.83,0.27,0.73,0.93,0.625,0.914,1.131,-0.996,-0.139,0.768,0.991,0.926,0.741,1.756,2.301,1.953,3.221,3.648,3.33,3.061,3.199
,진도군,,-,-,-,-,-,8.85,7.77,2.9,4.6,3.1,2,5.4,6.59,26.55,18.25,4.18,-2.22,-1.84,-7.21,-0.87,-0.26,1.34,0.51,-4.23,4.56,1.86,-0.06,0.13,0.39,0.41,2.487,1.22,0.103,-1.063,-0.16,0.487,0.416,0.634,0.61,1.473,2.503,2.743,3.182,3.323,3.307,2.489,2.423
,신안군,,-,-,-,-,-,4.12,6.47,4.4,3.5,3.1,1.8,2,8.78,29.46,15.22,3.34,1.37,-4.45,-5.19,-0.11,0.37,-0.06,0.12,-2.44,6.44,4.08,0.93,1.48,0.97,0.91,1.006,2.309,1.669,-0.156,0.778,2.296,0.891,1.124,1.349,1.965,2.875,2.896,3.477,3.874,4.823,3.652,3.74
경북,,,-,-,-,-,-,8.06,4.31,2.9,12.9,9.2,4.1,6.3,16.65,22.64,19.8,13.32,9.11,-0.26,-6.57,0.63,0.72,1.25,0.38,-10.76,2.73,0.72,0.51,2.06,0.15,2.11,2.194,2.517,1.683,-0.133,0.484,1.144,1.112,1.397,1.49,2.417,2.651,2.542,3.09,2.86,2.38,1.85,2.29
,시지역,,-,-,-,-,-,-,-,-,-,-,-,-,-,-,-,-,-,-,-,-,-,-,-,-,-,-,-,-,-,-,-,-,-,-,-,-,-,1.443,1.48,2.42,2.643,2.555,2.905,2.734,2.219,1.709,2.204
,군지역,,-,-,-,-,-,-,-,-,-,-,-,-,-,-,-,-,-,-,-,-,-,-,-,-,-,-,-,-,-,-,-,-,-,-,-,-,-,1.23,1.528,2.407,2.676,2.49,3.706,3.276,2.9,2.3,2.551
,대구시,,-,-,-,-,-,-,-,-,-,-,-,-,-,-,-,-,-,-,-,-,-,-,-,-,-,-,-,-,-,-,-,-,-,-,-,-,-,-,-,-,-,-,-,-,-,-,-
,포항시,,-,-,32.36,126.67,8.76,3.39,3.17,2.7,14.6,10,4.5,8.1,31.7,21.15,19.36,18.91,12.83,-2.89,-8.41,0.07,0.1,1.22,0,-12.99,2.16,0.69,0.5,1.68,0.1,3.54,1.483,2.121,1.506,0.097,0.776,1.488,1.217,1.646,1.606,2.115,2.315,2.327,2.047,2.042,2.363,2.076,2.296
,,남구,-,-,-,-,-,-,-,-,-,-,-,-,-,-,-,-,-,-,-,-,0.1,1.64,-0.09,-13.31,2.46,0.46,0.59,1.9,0.1,2.18,1.227,2.694,1.055,0.32,0.553,1.388,1.198,1.445,1.623,2.015,2.191,2.021,2.2,2.482,2.605,2.114,2.252
,,북구,-,-,-,-,-,-,-,-,-,-,-,-,-,-,-,-,-,-,-,-,0.09,0.74,0.1,-12.62,1.79,0.95,0.39,1.41,0.11,5.15,1.81,1.391,2.099,-0.138,1.011,1.593,1.24,1.85,1.589,2.209,2.428,2.608,1.918,1.658,2.149,2.046,2.335
,경주시,,-,-,16.06,33.82,10.72,8.6,5.48,3.3,12.5,8.7,3.5,7.4,11.81,41.86,23.98,11.1,5.04,3.15,-4.98,1.44,1.14,1.94,0.78,-12.22,1.87,0.48,0.45,1.81,0.14,1.5,2.255,4.687,2.362,-0.781,0.546,1.301,1.142,1.318,1.469,2.371,2.777,2.143,2.479,2.692,2.457,2.019,2.132
,김천시,,20.81,22.82,29.9,29.51,7.96,12.77,5.13,3.6,12.2,9.4,5.5,4.6,6.83,9.22,32.91,17.17,8.84,-0.87,-6.79,3.03,1.69,1.09,0.46,-7.9,3.21,0.61,0.73,1.56,-0.32,4.26,5.688,8.032,2.276,-0.436,0.408,0.89,0.953,1.193,1.073,1.932,2.718,2.108,2.307,2.287,1.096,0.937,1.904
,안동시,,23.57,24.28,16.76,35.89,34.2,37.6,7.46,1.69,13.7,7.9,4.1,4.6,15.97,12.75,19.37,13.77,10.66,1.05,-5.75,0.49,0.1,0.32,0.22,-11.47,2.2,1.24,0.77,2.16,0.01,1.36,0.415,0.303,0.764,1.967,0.924,1.055,1.765,2.041,2.116,3.473,3.165,3.142,3.179,3.119,2.304,1.259,1.795
,구미시,,-,-,-,-,24.89,11.64,0.61,1.6,13.7,10,4.6,7.6,30.23,23.12,21.77,14.1,14.62,-2.97,-6.38,0.8,0.69,0.51,0.63,-8.09,4.29,0.78,0.46,4.28,1.22,2,3.516,2.492,1.782,-0.025,0.437,1.011,1.21,1.455,1.468,2.257,2.407,2.44,2.798,1.947,0.483,0.68,1.834
,영주시,,-,-,-,-,-,-,-,3.5,12.9,-,5.1,3.4,23.02,31.29,20.22,13.81,7.81,0.36,-6.4,-0.8,-0.64,0.74,0.05,-11.7,2.55,0.34,0.48,0.82,-0.68,0.99,0.402,0.565,0.415,-0.358,0.382,0.908,0.808,1.045,1.063,2.147,2.518,2.336,2.654,3.158,3.001,2.017,2.099
,영천시,,-,-,-,-,-,8.95,3.68,1.3,9.5,8.8,4,7.2,5.96,21.22,18.38,18.81,8.11,0.12,-6.44,0.01,1.41,1.77,0.02,-11.55,2.41,0.67,0.5,1.9,0.22,1.74,1.827,2.07,1.592,-0.093,0.402,1.005,1.043,1.51,1.916,3.351,3.101,3.258,3.654,2.959,2.9,1.627,2.163
,상주시,,-,-,-,-,-,-,-,-,-,-,-,5.1,7.91,18.88,21.68,12.89,8.69,-0.63,-4.55,-0.13,2.67,2.03,0.66,-7.51,3.31,0.43,0.15,0.91,-0.09,0.92,2.069,1.709,1.49,-0.109,0.546,0.843,0.84,1.05,1.223,2.138,2.348,2.085,3.262,3.068,2.797,1.592,1.939
,점촌시,,-,-,-,-,-,-,-,-,-,-,-,9.4,-,-,-,-,-,-,-,-,-,-,-,-,-,-,-,-,-,-,-,-,-,-,-,-,-,-,-,-,-,-,-,-,-,-,-
,문경시,,-,-,-,-,-,-,-,-,-,-,-,-,-,-,-,-,-,-,-,-,-0.12,0.49,0.69,-11.47,1.45,0.69,0.1,1.06,-0.75,0.66,0.954,1.167,1.248,-0.222,0.264,0.783,0.851,1.224,1.085,2.61,2.658,2.622,2.812,3.453,2.692,1.704,1.704
,경산시,,-,-,-,-,-,-,-,-,-,-,-,-,-,-,14.11,14.17,10.31,-0.04,-6.36,0.12,1.61,2.09,0.25,-11.15,2.5,0.41,0.59,2,0.51,1.47,3.167,1.638,2.376,-0.281,0.009,1.511,1.162,1.317,1.268,2.771,3.026,3.581,5.014,4.635,3.608,2.607,3.187
,달성군,,-,-,-,-,-,5.06,10.34,4.3,12,10.8,3.1,5.7,-,-,-,-,-,-,-,-,-,-,-,-,-,-,-,-,-,-,-,-,-,-,-,-,-,-,-,-,-,-,-,-,-,-,-
,군위군,,-,-,-,-,-,0.99,2.49,3.1,12.9,7.4,4.1,5.6,5.23,12.92,18.51,16.59,6.26,0.18,-5.62,0.6,0.2,0.45,0.6,-8.99,2.58,0.7,1.08,3.15,0.36,1.56,2.8,1.265,0.831,-0.058,0.72,0.961,0.876,0.936,1.008,2.077,2.351,2.523,4.488,3.631,3.514,5,6.778
,의성군,,-,-,-,-,-,3.72,2.07,0.6,11.8,9.7,3.9,6.1,9.12,14.3,14.93,12.59,7.19,0.69,-5.66,0.28,0.26,0.12,0.45,-8.93,2.4,0.75,0.47,1.33,-0.49,1.14,0.296,0.939,0.563,-0.762,0.412,0.862,0.73,0.884,1.12,2.178,2.402,2.296,3.722,3.24,3.276,3.975,4.463
,안동군,,-,-,-,-,-,2.39,4.8,3.4,14.2,9.7,3.5,3.9,-,-,-,-,-,-,-,-,-,-,-,-,-,-,-,-,-,-,-,-,-,-,-,-,-,-,-,-,-,-,-,-,-,-,-
,청송군,,37.86,17.11,11.22,17.92,21.77,5.12,5.14,3.1,12.9,7.9,4.6,8.6,4.94,11.71,14.47,-4.23,-0.17,-0.63,-6.67,0.88,-0.82,1.45,0.55,-8.84,3.39,0.71,0.58,2.94,-1.12,0.92,0.661,0.816,0.72,-0.905,0.536,0.856,0.698,0.848,0.826,2.104,2.437,2.346,3.686,3.526,2.47,1.662,1.757
,영양군,,-,-,-,-,-,2.6,6.17,3,14.2,10.7,4.8,7.7,4.18,13,5.08,-1.17,1.56,-1.46,-5.26,-0.26,-0.16,0.73,0.69,-6.19,3.71,0.67,0.86,2.23,-1.41,0.24,0.178,0.184,0.26,-0.283,0.705,0.819,0.72,0.711,0.77,2.566,2.013,2.141,2.741,2.7,2.453,1.5,1.536
,영덕군,,-,-,-,-,-,5.68,1.96,2.1,14.7,9,4.1,8.5,6.04,9.46,12.82,2.3,4,1.15,-6.29,1.91,1.53,1.51,0.87,-9.83,2.49,0.81,1.41,2.3,0.04,1.3,3.368,1.763,0.38,-1.057,0.411,0.881,0.772,0.956,1.735,2.146,3.172,3.436,4.6,3.108,2.73,2.336,2.313
,영일군,,-,-,-,-,-,9.08,3.15,2.3,12.3,8.6,3.5,8.5,-,-,-,-,-,-,-,-,-,-,-,-,-,-,-,-,-,-,-,-,-,-,-,-,-,-,-,-,-,-,-,-,-,-,-
,월성군,,-,-,-,-,-,6.43,4.07,2.3,12.4,7.9,3.3,7.2,-,-,-,-,-,-,-,-,-,-,-,-,-,-,-,-,-,-,-,-,-,-,-,-,-,-,-,-,-,-,-,-,-,-,-
,경주군,,-,-,-,-,-,-,-,-,-,-,-,-,-,-,-,-,-,-,-,-,-,-,-,-,-,-,-,-,-,-,-,-,-,-,-,-,-,-,-,-,-,-,-,-,-,-,-
,영천군,,-,-,-,-,-,11.86,3.21,3.3,11.7,7.5,3.1,7,-,-,-,-,-,-,-,-,-,-,-,-,-,-,-,-,-,-,-,-,-,-,-,-,-,-,-,-,-,-,-,-,-,-,-
,경산군,,-,-,-,-,-,7.89,5.61,2.8,10,9.1,4.7,7.1,-,-,-,-,-,-,-,-,-,-,-,-,-,-,-,-,-,-,-,-,-,-,-,-,-,-,-,-,-,-,-,-,-,-,-
,청도군,,-,-,-,-,-,6.71,3.68,3.3,12.5,8.4,3.6,8.3,3.4,33.39,8.78,9.26,12.54,4.93,-5.91,1.69,0.47,0.59,1.1,-10.16,3.62,0.7,0.36,1.93,0.59,2.3,2.49,2.47,1.536,-0.185,0.392,0.901,0.969,1.16,1.683,2.191,1.862,2.169,3.395,3.103,2.4,1.517,2.461
,고령군,,-,-,-,-,-,6.57,19.69,10.5,16.1,12.8,4.7,5.3,6.14,14.25,20.2,15.47,12.57,-0.5,-6.59,-0.9,1.5,1.47,-0.07,-11.14,1.58,0.32,0.47,2.19,-0.54,2.87,2.441,1.782,1.667,-0.99,0.384,0.906,0.978,0.99,1.231,2.518,3.087,2.339,3.628,3.5,2.658,2.415,2.368
,성주군,,-,-,-,-,-,8.11,4.37,5.3,13.2,8,3.7,5.9,5.06,24.62,27.23,14.09,5.32,0.35,-7.04,-0.74,0.45,1.6,1.2,-10.2,2.34,1.18,0.38,2.1,-0.45,2.18,2.556,1.836,1.362,-0.405,0.186,0.938,0.989,1.393,1.603,2.746,3.115,2.026,3.946,3.407,3.174,2.338,2.443
,칠곡군,,-,-,-,-,-,5.57,6.02,4.8,10.9,11.5,4.1,6.2,11.54,14.07,34.82,17.15,9.97,0.75,-4.75,1.44,1.83,2.16,0.64,-9.94,4.76,1.48,0.49,1.66,0.19,2.27,2.325,4.539,3.309,-0.122,0.378,1.007,1.014,1.648,1.586,2.248,2.442,2.38,3.658,3.296,3.133,1.928,1.836
,금릉군,,-,-,-,-,-,7.25,3.39,3,12.7,8.2,3.7,5.8,-,-,-,-,-,-,-,-,-,-,-,-,-,-,-,-,-,-,-,-,-,-,-,-,-,-,-,-,-,-,-,-,-,-,-
,선산군,,-,-,-,-,-,5.39,3.68,2.9,11.5,8.2,2.9,5.5,-,-,-,-,-,-,-,-,-,-,-,-,-,-,-,-,-,-,-,-,-,-,-,-,-,-,-,-,-,-,-,-,-,-,-
,상주군,,-,-,-,-,-,0.65,3.57,3.2,15.4,10,4.1,4,-,-,-,-,-,-,-,-,-,-,-,-,-,-,-,-,-,-,-,-,-,-,-,-,-,-,-,-,-,-,-,-,-,-,-
,문경군,,27.49,21.18,39.26,11.04,8.87,5.74,2.51,3.2,14.2,11.1,4.4,4,-,-,-,-,-,-,-,-,-,-,-,-,-,-,-,-,-,-,-,-,-,-,-,-,-,-,-,-,-,-,-,-,-,-,-
,예천군,,-,-,-,-,-,5.38,3.29,0.7,13.5,7.7,4.7,3.7,4.42,11.91,9.42,6.82,4.03,-5.23,-5.32,-1.24,-0.71,1.56,0.15,-5.82,3.65,1.2,0.31,1.94,-0.2,0.64,0.915,0.662,0.615,1.729,0.58,0.989,1.553,1.844,3.075,4.173,4.557,3.474,3.893,3.194,2.326,1.365,1.588
,영풍군,,-,-,-,-,-,4.86,3.25,2.6,12.7,11.4,3.2,4,-,-,-,-,-,-,-,-,-,-,-,-,-,-,-,-,-,-,-,-,-,-,-,-,-,-,-,-,-,-,-,-,-,-,-
,봉화군,,-,-,-,-,-,6.11,2.52,0.3,12.6,8.3,4.1,7.5,10.49,17.9,5.12,0.29,-0.08,-0.93,-6,-0.86,-0.27,0.06,0.8,-7.77,5.9,1.46,1.09,3.26,-0.38,0.65,1.098,2.789,0.476,-1.007,0.784,0.886,0.742,0.731,1.331,1.854,2.272,2.511,2.6,2.808,2.703,1.695,1.688
,울진군,,-,-,-,-,-,6.57,5.28,2.7,12.2,11.9,4.6,7.2,6.67,9.5,17.5,11.54,5.09,0.54,-7.38,-2.93,0.47,0.41,0.04,-10.18,2.73,1.28,0.35,1.55,0.46,1.54,0.992,0.611,0.508,-0.414,0.072,0.715,0.762,0.963,1.387,2.063,2.031,2.567,3.215,3.001,2.524,2.053,2.025
,울릉군,,-,-,-,-,-,-,-,-,-,-,-,-,6.89,28.35,31.99,6.16,2.76,1.32,-4.82,-0.25,-0.84,0.59,0.39,-9.62,1.27,1.16,0.5,1.49,0.66,2.75,1.355,1.873,2.766,2.25,0.809,1.178,0.771,1.11,1.479,2.091,2.496,3.618,3.895,4.382,6.072,5.256,5.321
경남,,,-,-,-,-,-,11.41,9.1,4.7,12.7,9.6,5.7,4.7,48.25,28.72,17.25,12.8,14.47,0.18,-6.59,-0.64,0.56,0.98,0.26,-14.12,2.21,1.15,0.94,2.22,1.38,3.09,2.809,2.561,2.218,0.105,0.44,1.288,1.627,1.669,1.491,1.974,2.232,2.359,3.094,2.204,0.557,0.719,2.027
,시지역,,-,-,-,-,-,-,-,-,-,-,-,-,-,-,-,-,-,-,-,-,-,-,-,-,-,-,-,-,-,-,-,-,-,-,-,-,-,1.76,1.591,2.037,2.299,2.377,3.116,2.09,0.322,0.581,2.009
,군지역,,-,-,-,-,-,-,-,-,-,-,-,-,-,-,-,-,-,-,-,-,-,-,-,-,-,-,-,-,-,-,-,-,-,-,-,-,-,1.189,0.958,1.643,1.869,2.262,2.988,2.795,1.752,1.416,2.119
,(구)창원시,,-,-,-,-,-,6.33,16.11,7.2,13.8,12.4,3.1,6.7,85.62,20.02,18.35,14.9,20.53,0.34,-6.66,-1.39,1.49,2.45,0.33,-15.03,2.59,1.34,1.06,2.62,0.73,2.35,1.424,1.483,3.191,-0.091,0.454,-,-,-,-,-,-,-,-,-,-,-,-
,창원시,,-,-,-,-,-,-,-,-,-,-,-,-,-,-,-,-,-,-,-,-,-,-,-,-,-,-,-,-,-,-,-,-,-,-,-,1.178,1.915,1.658,1.639,1.941,2.109,2.423,2.807,0.188,-1.45,0.01,2.266
,,의창구,-,-,-,-,-,-,-,-,-,-,-,-,-,-,-,-,-,-,-,-,-,-,-,-,-,-,-,-,-,-,-,-,-,-,-,1.38,2.35,1.995,1.996,2.512,2.52,3.281,3.287,1.515,-1.903,-0.084,2.285
,,성산구,-,-,-,-,-,-,-,-,-,-,-,-,-,-,-,-,-,-,-,-,-,-,-,-,-,-,-,-,-,-,-,-,-,-,-,1.19,2.421,1.777,1.757,1.442,1.875,1.831,1.964,-1.174,-1.985,-0.145,2.442
,,마산합포구,-,-,-,-,-,-,-,-,-,-,-,-,-,-,-,-,-,-,-,-,-,-,-,-,-,-,-,-,-,-,-,-,-,-,-,0.971,1.093,0.958,1.395,1.924,1.914,2.351,2.815,0.758,-0.307,0.284,1.964
,,마산회원구,-,-,-,-,-,-,-,-,-,-,-,-,-,-,-,-,-,-,-,-,-,-,-,-,-,-,-,-,-,-,-,-,-,-,-,0.83,1.021,1.469,1.272,1.716,2.176,2.424,3.149,0.594,-0.678,0.328,2.1
,,진해구,-,-,-,-,-,-,-,-,-,-,-,-,-,-,-,-,-,-,-,-,-,-,-,-,-,-,-,-,-,-,-,-,-,-,-,1.367,1.963,1.787,1.42,1.973,1.954,2.009,3.076,-0.344,-1.29,-0.06,2.2
,울산시,,31.23,32.27,25.61,110.82,13.63,19.42,5.7,4.6,10.9,11.2,5.8,13.7,-,-,-,-,-,-,-,-,-,-,-,-,-,-,-,-,-,-,-,-,-,-,-,-,-,-,-,-,-,-,-,-,-,-,-
,,울산시중구,-,-,-,-,-,-,-,-,-,-,-,-,-,-,-,-,-,-,-,-,-,-,-,-,-,-,-,-,-,-,-,-,-,-,-,-,-,-,-,-,-,-,-,-,-,-,-
,,울산시남구,-,-,-,-,-,-,-,-,-,-,-,-,-,-,-,-,-,-,-,-,-,-,-,-,-,-,-,-,-,-,-,-,-,-,-,-,-,-,-,-,-,-,-,-,-,-,-
,,울산시동구,-,-,-,-,-,-,-,-,-,-,-,-,-,-,-,-,-,-,-,-,-,-,-,-,-,-,-,-,-,-,-,-,-,-,-,-,-,-,-,-,-,-,-,-,-,-,-
,,울산시울주구,-,-,-,-,-,-,-,-,-,-,-,-,-,-,-,-,-,-,-,-,-,-,-,-,-,-,-,-,-,-,-,-,-,-,-,-,-,-,-,-,-,-,-,-,-,-,-
,(구)마산시,,-,-,-,-,-,-,-,-,-,-,-,-,-,-,-,-,-,-,-,-,-,-,-,-,-,-,-,-,-,-,-,-,-,-,-,-,-,-,-,-,-,-,-,-,-,-,-
,,(구)마산시합포구,-,-,-,-,-,-,-,-,-,-,-,-,-,-,-,-,-,-,-,-,-,-,-,-,-,-,-,-,-,-,-,-,-,-,-,-,-,-,-,-,-,-,-,-,-,-,-
,,(구)마산시회원구,-,-,-,-,-,-,-,-,-,-,-,-,-,-,-,-,-,-,-,-,-,-,-,-,-,-,-,-,-,-,-,-,-,-,-,-,-,-,-,-,-,-,-,-,-,-,-
,마산시,,-,-,-,-,21.01,15.83,10.95,2,4,4.9,5.4,4.5,47.16,23.18,19.41,12.16,14.35,1.92,-7.19,-1.12,0.79,0.34,-0.1,-13.77,1.48,1.1,0.8,2.24,1.57,2.05,1.362,0.92,0.681,-0.559,0.013,-,-,-,-,-,-,-,-,-,-,-,-
,진주시,,29.98,36.76,45.22,74.03,8.14,20.13,10.94,3.9,12.8,9.9,8.8,3.7,39.06,19.27,18.08,16.07,20.13,-0.06,-6.62,-1.01,0.33,1.34,0.23,-14.42,2.04,1.3,1.2,1.83,1.31,2.65,4.144,3.737,2.59,-0.074,0.109,1.131,0.768,1.434,1.376,2.228,2.505,2.751,3.669,3.303,1.485,1.204,1.747
,진해시,,-,-,-,-,17.14,14.19,11.83,1.9,7,4.5,6.1,2.9,44.88,20.47,14.54,9.85,14.78,0.98,-6.54,-0.43,1.36,0.45,0.52,-14.4,1.56,0.74,0.83,1.53,1.11,6,4.756,2.932,2.197,-0.117,0.625,-,-,-,-,-,-,-,-,-,-,-,-
,충무시,,-,-,-,-,13.44,10.17,11.24,2.3,8.8,12.8,8.4,4.3,-,-,-,-,-,-,-,-,-,-,-,-,-,-,-,-,-,-,-,-,-,-,-,-,-,-,-,-,-,-,-,-,-,-,-
,통영시,,-,-,-,-,-,-,-,-,-,-,-,-,-,-,-,-,-,-,-,-,-0.77,-0.06,0.03,-13.87,0.57,0.16,0.52,1.87,0.93,1.11,1.795,1.441,1.054,-0.401,0.751,1.17,1.264,1.373,1.481,1.71,2.067,1.018,2.387,2.309,-0.359,-0.022,1.854
,삼천포시,,-,-,-,-,10.58,7.1,6.31,1.3,5.7,4,5.6,2.9,-,-,-,-,-,-,-,-,-,-,-,-,-,-,-,-,-,-,-,-,-,-,-,-,-,-,-,-,-,-,-,-,-,-,-
,사천시,,-,-,-,-,-,-,-,-,-,-,-,-,-,-,-,-,-,-,-,-,0.04,1.14,0.36,-14.66,2.6,3.87,1.42,3.22,1.28,0.65,2.468,0.989,2.023,2.984,0.759,1.297,1.19,0.76,0.93,1.35,2.306,3.498,4.038,4.741,2.211,1.276,1.61
,김해시,,-,-,-,-,-,-,-,3.7,10.9,9.1,6.7,6.9,96.78,31.62,15.02,4.95,14.45,-0.88,-7.66,-0.94,1.18,1.94,0.79,-14.63,2.37,0.87,0.71,2.7,2.97,4.65,3.837,4.082,2.553,-0.037,0.354,1.273,1.813,2.291,1.725,2.17,2.598,3.027,3.737,3.602,1.244,0.87,2.35
,밀양시,,-,-,-,-,-,-,-,-,-,-,-,-,-,-,19.28,9.28,6.2,0.33,-1.58,-0.36,0.49,0.93,0.52,-13.5,1.89,1.75,1.12,2.24,0.58,5.56,2.871,2.208,2.191,-0.378,0.203,0.956,1.164,1.147,1.302,1.538,2.086,2.07,4.054,5.327,3.404,1.573,1.562
,장승포시,,-,-,-,-,-,-,-,-,-,-,-,-,-,-,-,-,-,-,-,-,-,-,-,-,-,-,-,-,-,-,-,-,-,-,-,-,-,-,-,-,-,-,-,-,-,-,-
,거제시,,-,-,-,-,-,-,-,-,-,-,-,-,-,-,-,-,-,-,-,-,0.33,0.91,0.57,-13.69,3.05,1.22,1,2.51,2.93,5.07,5.487,5.543,4.204,2.71,0.506,1.99,2.351,2.006,1.564,2.464,2.194,-0.481,0.333,-0.647,-1.101,0.048,1.189
,양산시,,-,-,-,-,-,-,-,-,-,-,-,-,42.71,37.2,13.4,16.06,21.69,-2.97,-6.54,0.75,1.73,0.74,0.13,-16.05,3.01,-0.01,1.09,3.32,1,5.71,2.976,3.872,2.709,-0.25,0.915,1.593,1.802,2.112,1.851,2.229,2.469,3.067,4.102,3.717,2.127,1.016,1.944
,진양군,,-,-,-,-,-,10.71,5.22,8.3,16.7,7.1,2.4,1.2,-,-,-,-,-,-,-,-,-,-,-,-,-,-,-,-,-,-,-,-,-,-,-,-,-,-,-,-,-,-,-,-,-,-,-
,의령군,,27.87,17.4,18.85,14.91,7.17,7.2,6.72,6.9,17.9,13.5,1.1,1.6,3.15,17.33,12.75,4.98,7.04,0.04,-5.85,-0.04,-0.05,1.39,-0.53,-11.26,2.73,1.14,0.79,1.3,1.14,1.07,1.718,1.548,1.438,-0.009,0.205,0.632,0.742,0.877,0.901,1.209,1.616,1.923,2.543,2.16,0.915,0.755,2.134
,함안군,,-,-,-,-,-,7.61,8.76,6.1,16.3,10,2,2.2,3.71,29.18,11.44,8.32,8.02,-0.14,-5.44,-0.21,-0.02,0.52,0.71,-10.53,1.8,1.37,0.75,1.2,0.66,1.06,3.418,2.571,1.555,-0.055,0.68,2.284,2.724,1.574,1.106,1.831,2.128,2.414,2.964,2.408,1.78,1.733,2.132
,창녕군,,-,-,-,-,-,13.03,6.46,5.2,14.4,11.7,1.2,1.3,9.42,18.81,11.32,7.91,8.71,-3.99,-6.54,-1.18,0.64,0.51,0.69,-11.9,2.08,2.46,0.97,0.66,0.75,1.88,2.43,1.507,0.896,-0.397,0.392,1.07,0.949,1.027,1.009,1.621,2.062,3.063,3.342,3.498,2.098,1.846,2.409
,밀양군,,-,-,-,-,-,11.97,7.61,5.5,16.9,8.1,6.1,6,-,-,-,-,-,-,-,-,-,-,-,-,-,-,-,-,-,-,-,-,-,-,-,-,-,-,-,-,-,-,-,-,-,-,-
,양산군,,-,-,-,-,-,14.89,5.1,4.6,17.5,10.9,10.1,11.9,-,-,-,-,-,-,-,-,-,-,-,-,-,-,-,-,-,-,-,-,-,-,-,-,-,-,-,-,-,-,-,-,-,-,-
,울주군,,-,-,-,-,-,7.41,9.12,5.8,14.9,8.7,7.8,8.4,-,-,-,-,-,-,-,-,-,-,-,-,-,-,-,-,-,-,-,-,-,-,-,-,-,-,-,-,-,-,-,-,-,-,-
,울산군,,-,-,-,-,-,-,-,-,-,-,-,-,-,-,-,-,-,-,-,-,-,-,-,-,-,-,-,-,-,-,-,-,-,-,-,-,-,-,-,-,-,-,-,-,-,-,-
,김해군,,-,-,-,-,-,15.15,7.14,5,14.2,7.7,5.2,7,-,-,-,-,-,-,-,-,-,-,-,-,-,-,-,-,-,-,-,-,-,-,-,-,-,-,-,-,-,-,-,-,-,-,-
,의창군,,-,-,-,-,-,12.6,5.67,1.5,8.5,9.2,8.3,4,-,-,-,-,-,-,-,-,-,-,-,-,-,-,-,-,-,-,-,-,-,-,-,-,-,-,-,-,-,-,-,-,-,-,-
,창원군,,-,-,-,-,-,-,-,-,-,-,-,-,-,-,-,-,-,-,-,-,-,-,-,-,-,-,-,-,-,-,-,-,-,-,-,-,-,-,-,-,-,-,-,-,-,-,-
,통영군,,-,-,-,-,-,8.97,20.18,4,8.3,10,10.2,3.4,-,-,-,-,-,-,-,-,-,-,-,-,-,-,-,-,-,-,-,-,-,-,-,-,-,-,-,-,-,-,-,-,-,-,-
,거제군,,-,-,-,-,-,9.58,13.51,4.3,12.3,13.5,12,3.1,-,-,-,-,-,-,-,-,-,-,-,-,-,-,-,-,-,-,-,-,-,-,-,-,-,-,-,-,-,-,-,-,-,-,-
,고성군,,-,-,-,-,-,8.78,8.06,4.1,12,6.2,8.7,3.6,15.64,45.08,8.3,16.94,13.84,2.35,-5.48,-0.28,0.15,0.23,1.39,-12.11,2.02,1.1,0.82,1.33,0.58,1,2.3,2.43,3.069,2.256,1.382,1.836,1.456,1.303,1.027,2.265,2.005,1.87,2.777,2.166,1.275,1.106,2.04
,사천군,,-,-,-,-,-,7.45,12.21,2.7,19.2,11,9,3.5,-,-,-,-,-,-,-,-,-,-,-,-,-,-,-,-,-,-,-,-,-,-,-,-,-,-,-,-,-,-,-,-,-,-,-
,남해군,,-,-,-,-,-,9.5,15.54,3.1,8.2,12.7,11.8,3.4,19.91,16.38,9.09,9.81,10.24,3.19,-4.47,-0.61,-0.08,0.74,0.01,-12.34,3.04,0.99,0.59,0.73,1.33,0.99,4.224,4.079,1.521,-0.143,0.465,0.815,1.252,1.627,0.699,2.406,2.214,2.448,3.635,4.513,2.755,2.024,3.539
,하동군,,-,-,-,-,-,6.47,10.14,3,17.1,10.2,2.1,2,8.31,10.54,15.5,7.2,9.52,2.66,-4.66,0.05,-0.7,0.98,-0.01,-13.15,2.4,1.24,0.76,0.95,1.64,1.88,2.187,0.74,1.596,-0.021,0.655,1.489,1.426,1.212,0.851,1.58,1.518,1.971,2.076,2.016,1.082,0.635,1.389
,산청군,,-,-,-,-,-,4.84,7.9,7.1,16.8,9.4,1.1,2.4,3.21,16.14,14.27,7.54,2.44,0.44,-2.85,0.15,0.94,1,0.52,-12.63,2.47,0.75,0.52,0.66,0.81,1.45,1.495,0.934,1.083,-0.123,0.32,0.704,0.67,0.955,0.812,1.175,1.449,2.087,2.977,2.924,1.852,1.219,1.705
,함양군,,-,-,-,-,-,6.36,7.47,7.6,17.3,15,1.8,2,11.64,16.22,8.47,7.05,7.29,0.92,-6,-0.46,0.09,0.53,0.51,-10.49,3.38,0.67,0.64,0.63,0.81,1.15,1.631,0.856,0.479,0.062,0.326,0.598,0.778,0.839,0.966,1.282,1.823,1.985,3.276,2.87,1.476,0.949,1.691
,거창군,,38.02,46.68,19.56,31.78,11.51,8.58,7.41,9.8,16.7,11.9,2,1.5,14.55,26.68,13.3,8.12,8.66,0.07,-5.82,-0.89,-0.73,0.25,0.11,-13.02,2.25,1.48,0.71,0.76,0.49,0.79,0.867,0.638,0.236,-0.236,0.161,0.56,0.703,0.89,1.055,1.176,1.525,1.89,2.803,2.701,2.063,1.401,1.95
,합천군,,-,-,-,-,-,7.59,11.11,10.3,22.3,14.1,3.9,1.6,14.62,8.21,11.04,8.06,3.1,0.81,-4.79,-0.7,0.09,1.22,0.47,-12.07,2.6,1.36,0.69,1.82,0.55,1.3,2.981,0.542,0.388,-0.134,0.12,0.601,0.613,0.952,0.808,1.023,1.579,2.234,3.526,3.259,2.016,1.621,2.052
제주,,,-,-,-,-,-,17.35,6.71,2.6,15.3,3.5,3.5,7.2,8.13,31.23,41.9,8.45,10.43,0.26,-8.7,-0.39,-0.15,0.3,0.38,-8.13,6.82,2.18,3.13,6.01,1.25,1.96,2.122,2.104,1.672,-0.02,0.197,1.073,0.918,1.25,1.424,3.728,7.568,8.332,5.457,4.989,-1.767,-1.933,1.848
,시지역,,-,-,-,-,-,-,-,-,-,-,-,-,-,-,-,-,-,-,-,-,-,-,-,-,-,-,-,-,-,-,-,-,-,-,-,-,-,1.25,1.424,3.728,7.568,8.332,5.457,4.989,-1.767,-1.933,1.848
,제주시,,-,-,-,-,-,-,-,-,-,-,-,-,-,-,-,-,-,-,-,-,-,-,-,-,-,-,-,-,-,-,-,2.242,1.606,-0.022,0.192,1.017,0.885,1.283,1.36,3.27,7.317,8.05,5.406,4.923,-1.74,-1.724,2.199
,서귀포시,,-,-,-,-,-,-,-,-,-,-,-,-,-,-,-,-,-,-,-,-,-,-,-,-,-,-,-,-,-,-,-,1.868,1.791,-0.016,0.2,1.171,0.978,1.199,1.53,4.478,7.972,8.787,5.574,5.121,-1.811,-2.261,1.304
,북제주군,,-,-,-,-,-,20.91,7.88,3.9,13.6,3.2,2.9,6.7,5.93,17.26,48.28,5.26,9.44,0.68,-9.12,-0.5,-0.29,0.77,1.32,-7.14,9.98,-0.92,-0.34,10.87,2.64,2.41,1.979,-,-,-,-,-,-,-,-,-,-,-,-,-,-,-,-
,남제주군,,-,-,-,-,-,14.5,8.26,4,17.8,2.2,3.4,7.7,7.31,19.93,45.37,3.4,9.56,0.64,-9.27,-0.51,-0.45,0.81,0.66,-8.24,7.41,-1.33,-0.61,6.53,2.28,4.46,3.759,-,-,-,-,-,-,-,-,-,-,-,-,-,-,-,-
,(구)제주시,,-,-,-,-,40.64,17.52,5.98,2,13.9,4.6,3.8,6.9,8.88,36.71,45.77,11.68,10.11,0.04,-8.14,-0.38,-0.01,0.18,0.26,-8.43,7.13,6.1,7.34,5.1,0.75,1,0.91,-,-,-,-,-,-,-,-,-,-,-,-,-,-,-,-
,(구)서귀포시,,-,-,-,-,-,-,-,1.4,16,3.3,3.6,7.9,6.81,22.06,25.41,7.13,12.44,0.08,-9.1,-0.3,-0.12,-0.17,-0.26,-8.17,2.86,-0.68,-0.5,3.24,0.17,1.61,3.578,-,-,-,-,-,-,-,-,-,-,-,-,-,-,-,-
,,,,,,,,,,,,,,,,,,,,,,,,,,,,,,,,,,,,,,,,,,,,,,,,,
,,,,,,,,,,,,,,,,,,,,,,,,,,,,,,,,,,,,,,,,,,,,,,,,,
* 통계표명 :,지가변동률_연도별,,,,,,,,,,,,,,,,,,,,,,,,,,,,,,,,,,,,,,,,,,,,,,,,
* 수록기간 :,1975년 ~ 2021년,,,,,,,,,,,,,,,,,,,,,,,,,,,,,,,,,,,,,,,,,,,,,,,,
* 조회기간 :,1975년 ~ 2021년,,,,,,,,,,,,,,,,,,,,,,,,,,,,,,,,,,,,,,,,,,,,,,,,
* 출처 :,국토교통부,,,,,,,,,,,,,,,,,,,,,,,,,,,,,,,,,,,,,,,,,,,,,,,,
* 자료다운일자 :,2022.10.31 04:05:16,,,,,,,,,,,,,,,,,,,,,,,,,,,,,,,,,,,,,,,,,,,,,,,,
* 단위 :,%,,,,,,,,,,,,,,,,,,,,,,,,,,,,,,,,,,,,,,,,,,,,,,,,
