* 통계표명 :,지가변동률_연도별,,,,,,,,,,,,,,,,,,,,,,,
* 수록기간 :,1975년 ~ 2021년,,,,,,,,,,,,,,,,,,,,,,,
* 조회기간 :,1975년 ~ 2021년,,,,,,,,,,,,,,,,,,,,,,,
* 출처 :,국토교통부,,,,,,,,,,,,,,,,,,,,,,,
* 자료다운일자 :,2022.10.31 04:05:16,,,,,,,,,,,,,,,,,,,,,,,
* 단위 :,%,,,,,,,,,,,,,,,,,,,,,,,
,,,,,,,,,,,,,,,,,,,,,,,,
,,,,,,,,,,,,,,,,,,,,,,,,
,,,,,,,,,,,,,,,,,,,,,,,,
,,,,,,,,,,,,,,,,,,,,,,,,
지 역,,,2000년,2001년,2002년,2003년,2004년,2005년,2006년,2007년,2008년,2009년,2010년,2011년,2012년,2013년,2014년,2015년,2016년,2017년,2018년,2019년,2020년,2021년
전국,,,0.67,1.32,8.98,3.43,3.86,4.986,5.617,3.886,-0.319,0.955,1.046,1.166,0.956,1.135,1.964,2.402,2.7,3.879,4.584,3.915,3.678,4.173
수도권,,,-,-,-,-,-,-,-,-,-,-,-,-,0.681,1.044,1.909,2.193,2.532,3.822,5.14,4.74,4.357,4.783
지방,,,-,-,-,-,-,-,-,-,-,-,-,-,1.474,1.303,2.064,2.774,2.993,3.97,3.649,2.508,2.517,3.169
대도시,,,-,-,-,-,-,-,-,-,-,-,-,-,0.728,1.245,2.424,2.769,3.021,4.373,5.483,4.714,4.452,4.842
시지역,,,-,-,-,-,-,-,-,-,-,-,-,-,1.187,1.043,1.543,2.085,2.441,3.448,3.824,3.24,3.036,3.645
군지역,,,-,-,-,-,-,-,-,-,-,-,-,-,1.109,0.948,1.434,1.931,2.138,3.228,3.215,2.564,2.218,2.634
서울,,,0.05,1.89,15.81,5.23,4.09,6.564,9.171,5.882,-1.001,1.396,0.527,0.966,0.378,1.206,2.662,2.688,2.974,4.315,6.114,5.287,4.803,5.313
,종로구,,-0.52,1.78,16.64,4.35,4.14,5.519,8.879,5.835,-1.245,0.755,0.497,0.844,0.287,1.201,2.41,1.903,2.199,3.284,5.811,4.457,4.316,5.006
,중구,,-0.5,2.21,15.26,4.63,4.07,5.654,8.732,5.804,-0.716,0.587,0.456,0.96,0.335,0.604,2.563,1.806,2.227,3.244,5.327,4.763,4.551,4.882
,용산구,,0.44,1.88,15.64,5.05,7.6,10.236,11.722,11.734,0.822,2.11,0.815,0.896,0.505,-2.113,1.491,1.501,3.133,5.225,8.598,5.86,4.854,5.507
,성동구,,-0.29,1.57,17.52,4.38,4.94,9.014,10.961,10.505,1.31,1.938,0.702,1.013,0.307,0.277,1.848,2.218,2.916,5.221,7.377,5.882,5.129,6.173
,광진구,,0.19,1.55,15.26,5.33,3.58,5.481,9.139,6.289,-0.576,1.336,0.799,0.957,0.211,0.454,1.822,2.551,3.182,4.343,5.679,5.324,4.398,5.037
,동대문구,,-0.71,1.71,13.65,5.09,3.79,7.355,8.734,6.237,-0.242,1,0.406,0.96,0.367,0.54,1.361,2.254,2.574,3.995,6.241,5.327,4.394,5.237
,중랑구,,-0.51,1.4,13.31,3.75,3.86,5.592,8.387,4.885,-0.401,1.032,0.728,0.817,0.247,0.458,1.867,2.531,2.742,3.73,4.504,4.239,3.878,4.339
,성북구,,-0.03,1.55,15.1,3.83,3.06,6.607,9.624,6.137,-0.958,1.089,0.677,0.816,-0.106,0.182,1.425,2.191,2.398,3.124,5.723,4.97,4.479,4.777
,강북구,,-0.05,1.73,10.9,3.21,3.65,5.945,8.676,5.257,-0.527,1.104,0.725,0.76,0.329,0.476,1.886,1.986,2.395,3.697,5.131,4.462,3.786,4.181
,도봉구,,-0.32,1.79,9.99,3.97,3.36,4.203,6.462,4.044,-0.315,1.179,0.283,0.702,0.263,0.216,1.66,2.191,2.609,3.416,4.387,3.827,3.258,4.114
,노원구,,-0.09,2.2,10.99,4.23,3.45,4.517,8.259,4.715,-0.218,1.266,0.485,0.716,0.32,0.357,1.427,2.468,2.885,4.35,4.638,4.361,4.092,4.234
,은평구,,0.35,1.91,14.97,3.46,4.94,7.714,9.214,4.995,-0.336,0.575,0.528,0.815,-0.094,0.779,2.515,2.082,2.266,3.315,5.407,4.589,4.412,4.8
,서대문구,,-0.3,1.95,13.71,3.82,4.4,7.415,9.042,5.559,-0.2,0.963,0.599,0.835,0.221,0.537,2.175,2.566,2.647,3.447,5.354,4.675,4.415,4.699
,마포구,,-0.2,3.49,11.47,4.5,4.28,7.208,9.638,5.726,-0.233,1.036,0.642,0.867,0.239,0.962,2.838,3.312,3.677,5.322,8.112,5.402,4.792,5.318
,양천구,,-0.08,1.85,13.56,5.15,3.24,5.225,9.942,6.083,-1.293,1.183,0.614,0.902,0.176,0.845,2.31,2.42,2.499,3.793,5.078,5.059,4.436,4.664
,강서구,,-0.02,1.26,14.59,5.87,3.51,6.081,9.541,5.679,-0.272,1.214,0.721,0.969,0.258,1.14,2.224,2.863,3.244,5.476,5.948,5.028,4.438,4.962
,구로구,,-0.58,1.48,11.98,5.23,5.02,5.497,8.275,5.74,-0.828,1.11,0.464,0.887,0.231,0.651,1.86,2.362,2.439,3.723,5.291,4.501,4.046,4.046
,금천구,,-0.25,0.91,5.26,4.05,4.09,6.067,7.129,4.298,-0.389,1.306,0.493,0.806,0.229,0.934,1.859,2.531,2.411,3.913,4.691,5.067,4.337,4.246
,영등포구,,0.3,1.42,11.32,4.62,4.47,6.213,9.422,5.415,-0.421,1.062,0.548,0.836,0.29,0.594,1.838,2.177,2.376,4.024,6.303,5.595,4.766,5.423
,동작구,,-0.51,1.94,16.03,4.37,4.07,6.796,10.235,5.644,-0.634,1.148,0.925,0.848,0.311,0.657,1.853,2.369,2.854,4.481,8.121,5.536,4.931,4.758
,관악구,,-0.16,2.08,13.51,4.13,3.94,6.859,8.593,4.94,-0.889,0.956,0.498,0.881,0.26,0.81,1.675,2.429,2.674,4.045,4.757,4.649,4.344,5.147
,서초구,,-0.02,2.33,19.88,6.85,4.86,6.612,8.909,5.181,-2.042,1.87,0.466,1.17,0.534,1.816,3.782,3.037,3.102,4.396,6.552,5.567,5.182,5.946
,강남구,,1.63,2.34,22.61,6.81,3.86,6.734,9.217,5.444,-1.984,1.882,0.184,1.135,0.739,2.619,4.216,3.804,3.821,4.94,6.423,6.052,5.518,6.11
,송파구,,0.11,1.54,21.99,6.98,3.54,7.615,9.216,5.674,-1.893,1.838,0.58,1.162,0.453,3.009,3.644,3.045,3.195,4.601,5.943,5.334,5.404,5.692
,강동구,,-0.62,1.47,13.8,6.38,3.22,5.652,8.994,5.078,-1.899,1.678,0.563,0.827,0.338,1.59,2.194,2.778,3.127,4.116,5.694,5.698,4.653,5.09
부산,,,-0.53,0.49,3.28,1.09,0.89,1.862,2.496,2.164,-0.174,0.107,1.216,1.579,1.731,1.568,2.278,3.094,4.174,6.507,5.739,3.761,3.75,4.042
,중구,,-0.6,0.07,2.75,0.74,0.22,0.251,0.088,-0.134,-2.068,0.018,1.053,1.151,1.007,1.577,1.934,2.964,3.55,4.505,4.573,3.825,1.774,2.009
,서구,,0.61,-0.07,2.09,0.75,0.28,0.638,0.705,0.13,-0.717,0.018,0.962,1.164,1.492,1.114,2.175,2.66,3.357,5.74,5.153,3.219,2.739,3.464
,동구,,-1.73,0.19,2.29,0.79,0.53,0.149,0.4,0.078,-1.647,-0.705,0.433,1.138,0.647,1.435,2.182,2.473,2.943,5.365,5.355,3.095,3.016,3.172
,영도구,,-0.76,0.18,1.05,0.63,0.17,0.354,1.195,1.645,-1.481,0.287,1.048,1.227,1.423,1.25,1.818,2.292,2.416,4.885,3.694,3.134,2.778,2.8
,부산진구,,-0.82,0.74,2.25,0.68,0.6,1.66,2.741,0.913,-1.437,-0.041,0.942,1.577,1.386,1.828,2.621,3.605,4.48,5.906,5.404,3.659,5.242,5.342
,동래구,,-0.92,0.5,1.82,0.61,0.36,0.615,2.291,2.558,-0.749,-0.049,1.08,1.477,1.972,1.624,2.485,3.55,4.637,6.932,6.754,5.134,5.032,4.052
,남구,,-1.02,0.5,1.78,0.68,0.39,0.836,1.282,0.958,-1.026,-0.168,0.86,1.149,1.9,1.975,2.941,3.465,4.87,6.85,6.065,4.175,4.563,4.78
,북구,,-1.09,0.38,2.65,1.49,0.44,0.603,1.224,1.186,-1.026,-0.143,1.001,1.398,1.368,1.274,1.852,2.348,3.304,4.78,4.652,3.382,2.344,3.132
,해운대구,,-0.88,0.51,3.86,0.88,0.44,2.193,1.977,1.054,-0.028,0.179,1.082,1.505,2.125,1.477,2.356,3.821,7.415,9.054,7.948,5.602,5.795,6.196
,사하구,,-1.53,0.13,3.19,0.89,0.35,1.14,2.178,2.861,-0.138,0.003,1.117,1.597,1.418,0.857,1.706,2.162,2.687,4.408,3.744,2.712,2.639,2.848
,금정구,,1.35,0.08,1.99,1.35,0.82,2.226,3.082,2.129,-0.525,0.029,1.096,1.67,1.747,1.77,2.111,2.713,3.888,6.723,5.995,4.016,3.474,3.48
,강서구,,1.74,0.29,8.13,3,5.22,7.481,5.044,5.202,3.672,0.989,1.979,2.19,2.465,1.862,2.142,3.573,3.596,6.813,5.14,2.909,2.756,2.898
,연제구,,-0.35,1.29,3.17,0.78,0.38,1.209,1.921,2.523,-0.964,-0.098,1.083,1.351,1.517,1.292,1.941,2.894,4.631,6.902,6.093,4.061,4.601,4.568
,수영구,,-1.51,1.28,6.12,0.87,0.47,1.591,2.079,2.039,-1.145,-0.097,1.017,1.471,1.687,1.666,2.512,3.376,4.553,7.756,6.539,4.184,5.042,6.031
,사상구,,-0.96,0.11,3.22,0.82,0.39,1.011,4.552,4.253,-0.425,-0.434,1.479,1.726,1.317,0.957,2.031,2.182,3.06,5.273,4.625,3.198,2.79,3.106
,기장군,,4.27,2.2,12.75,4.85,5.14,6.04,5.919,4.704,2.323,1.004,2.136,1.961,2.302,2.183,2.86,2.986,3.836,7.004,6.846,2.961,2.282,3.649
(구)부산직할시,,,-,-,-,-,-,-,-,-,-,-,-,-,-,-,-,-,-,-,-,-,-,-
,(구)중구,,-,-,-,-,-,-,-,-,-,-,-,-,-,-,-,-,-,-,-,-,-,-
,(구)서구,,-,-,-,-,-,-,-,-,-,-,-,-,-,-,-,-,-,-,-,-,-,-
,(구)동구,,-,-,-,-,-,-,-,-,-,-,-,-,-,-,-,-,-,-,-,-,-,-
,(구)영도구,,-,-,-,-,-,-,-,-,-,-,-,-,-,-,-,-,-,-,-,-,-,-
,(구)부산진구,,-,-,-,-,-,-,-,-,-,-,-,-,-,-,-,-,-,-,-,-,-,-
,(구)동래구,,-,-,-,-,-,-,-,-,-,-,-,-,-,-,-,-,-,-,-,-,-,-
,(구)남구,,-,-,-,-,-,-,-,-,-,-,-,-,-,-,-,-,-,-,-,-,-,-
,(구)북구,,-,-,-,-,-,-,-,-,-,-,-,-,-,-,-,-,-,-,-,-,-,-
,(구)해운대구,,-,-,-,-,-,-,-,-,-,-,-,-,-,-,-,-,-,-,-,-,-,-
,(구)사하구,,-,-,-,-,-,-,-,-,-,-,-,-,-,-,-,-,-,-,-,-,-,-
,(구)금정구,,-,-,-,-,-,-,-,-,-,-,-,-,-,-,-,-,-,-,-,-,-,-
,(구)강서구,,-,-,-,-,-,-,-,-,-,-,-,-,-,-,-,-,-,-,-,-,-,-
대구,,,-1.05,0.42,2.09,1.54,1.58,3.317,4.185,2.911,-0.451,0.284,1.401,1.398,1.583,1.679,3.149,4.059,3.931,4.58,5.011,4.553,3.404,4.376
,중구,,-1.4,-0.52,0.99,0.37,0.05,-0.104,1.929,1.303,-0.087,0.016,0.845,0.601,0.877,0.694,2.234,3.172,4.209,4.619,5.408,5.491,3.65,4.171
,동구,,-1.47,0.12,1.82,1.4,1.85,4.881,6.483,3.488,-0.567,0.18,1.868,2.693,2.607,2.186,3.237,4.244,3.712,4.546,4.918,4.916,3.581,4.254
,서구,,-1.18,-0.2,2.01,0.88,1.65,1.416,1.412,1.332,-0.523,0.025,0.789,0.664,1.116,1.347,2.504,3.637,3.544,4.304,4.877,4.405,3.507,4.414
,남구,,-1.36,0.09,0.27,0.07,0.28,0.979,2.248,2.178,-0.439,0.334,0.804,0.531,0.657,0.752,2.217,4.124,4.203,3.837,4.295,5.248,3.577,3.532
,북구,,-1.02,1.01,1.34,1.91,1.91,2.617,4.205,2.209,-1.318,0.042,1.001,0.776,1.127,1.697,2.807,3.815,3.704,4.378,4.092,3.796,3.059,3.752
,수성구,,-1.4,0.42,4.19,2.96,1.62,4.345,4.213,2.826,-0.182,0.104,1.113,0.824,1.371,1.552,3.229,4.428,4.405,5.537,7.168,6.53,4.589,6.672
,달서구,,-0.7,0.91,2.22,1.42,1.35,5.103,5.36,3.675,-1.341,0.118,1.282,1.465,1.569,1.551,3.08,3.794,3.519,4.381,4.495,3.559,3.488,3.895
,달성군,,0,0.64,2.79,2.13,3.6,4.238,4.976,5.062,1.921,1.662,3.165,2.982,2.561,2.61,4.712,4.731,4.397,4.231,4.179,3.145,1.56,2.888
(구)대구직할시,,,-,-,-,-,-,-,-,-,-,-,-,-,-,-,-,-,-,-,-,-,-,-
,(구)중구,,-,-,-,-,-,-,-,-,-,-,-,-,-,-,-,-,-,-,-,-,-,-
,(구)동구,,-,-,-,-,-,-,-,-,-,-,-,-,-,-,-,-,-,-,-,-,-,-
,(구)서구,,-,-,-,-,-,-,-,-,-,-,-,-,-,-,-,-,-,-,-,-,-,-
,(구)남구,,-,-,-,-,-,-,-,-,-,-,-,-,-,-,-,-,-,-,-,-,-,-
,(구)북구,,-,-,-,-,-,-,-,-,-,-,-,-,-,-,-,-,-,-,-,-,-,-
,(구)수성구,,-,-,-,-,-,-,-,-,-,-,-,-,-,-,-,-,-,-,-,-,-,-
,(구)달서구,,-,-,-,-,-,-,-,-,-,-,-,-,-,-,-,-,-,-,-,-,-,-
인천,,,1.07,1.77,11.51,2.5,4.32,4.937,5.58,4.851,1.366,1.987,1.434,0.658,0.464,0.87,1.35,1.951,1.737,3.098,3.588,4.03,3.762,4.099
,중구,,5.59,2.63,14.73,2.42,5.49,7.455,8.331,6.996,1.465,0.967,0.507,0.349,-0.937,-0.225,2.543,2.236,1.848,2.421,2.64,3.106,3.317,3.435
,동구,,0.54,1.74,9.26,1.88,4.21,4.848,5.272,5.089,1.149,1.923,1.634,0.638,-0.148,0.51,1.695,1.127,1.498,2.205,2.659,2.261,2.712,3.2
,남구,,-0.09,1.34,9.43,1.91,3.44,3.635,4.998,4.875,5.345,1.847,0.969,0.056,0.035,0.743,0.718,1.456,1.557,2.863,-,-,-,-
,미추홀구,,-,-,-,-,-,-,-,-,-,-,-,-,-,-,-,-,-,-,3.715,3.909,3.736,4.403
,연수구,,0.54,1.92,11.58,3.08,4.86,4.603,5.327,5.131,1.167,1.997,1.19,0.454,1.36,1.338,1.619,2.125,1.797,3.176,3.889,4.246,3.557,4.167
,남동구,,0.42,1.86,10.16,2.36,3.44,3.839,5.523,4.412,-0.553,1.573,1.386,0.636,0.567,1.1,1.882,1.875,1.863,3.289,3.878,4.334,4.08,4.499
,부평구,,0.3,1.66,12.29,2.11,3.7,4.756,2.668,3.931,-0.4,1.906,1.484,0.546,0.366,0.369,0.554,1.915,1.415,3.862,3.562,4.386,4.345,4.292
,계양구,,0.43,1.64,12.85,2.47,4.2,4.797,3.473,3.834,-0.382,2.481,1.663,1.437,0.247,1.182,1.407,2.045,1.375,2.913,3.514,5.004,4.713,4.793
,서구,,0.4,1.77,13.06,3.21,5.13,6.325,9.394,5.979,3.02,2.888,1.853,1.106,1.264,1.575,1.022,2.329,2.071,3.341,3.845,4.208,3.712,4.077
,강화군,,3.46,0.87,5.39,3.54,5.09,3.73,1.152,1.562,0.681,1.68,2.557,0.655,0.168,-0.163,-0.11,0.551,1.096,2.801,3.734,3.355,3.31,3.144
,옹진군,,1.9,2.24,3.5,2.14,2.1,2.806,3.196,3.198,-0.355,3.212,3.439,1.116,-0.272,-0.163,1.277,0.921,0.95,1.952,2.259,2.883,2.988,3.495
(구)인천직할시,,,-,-,-,-,-,-,-,-,-,-,-,-,-,-,-,-,-,-,-,-,-,-
,(구)중구,,-,-,-,-,-,-,-,-,-,-,-,-,-,-,-,-,-,-,-,-,-,-
,(구)동구,,-,-,-,-,-,-,-,-,-,-,-,-,-,-,-,-,-,-,-,-,-,-
,(구)남구,,-,-,-,-,-,-,-,-,-,-,-,-,-,-,-,-,-,-,-,-,-,-
,(구)남동구,,-,-,-,-,-,-,-,-,-,-,-,-,-,-,-,-,-,-,-,-,-,-
,(구)북구,,-,-,-,-,-,-,-,-,-,-,-,-,-,-,-,-,-,-,-,-,-,-
,(구)서구,,-,-,-,-,-,-,-,-,-,-,-,-,-,-,-,-,-,-,-,-,-,-
광주,,,-0.31,-0.37,1.03,0.91,0.68,1.865,1.442,0.941,-0.896,0.333,0.666,0.751,1.152,0.746,1.313,2.869,2.823,4.174,5.256,4.769,3.884,3.467
,동구,,-1.65,-1.93,-0.3,0.03,-0.65,-3.724,0.345,0.697,-1.094,0.25,0.412,0.365,0.532,0.627,1.559,2.223,2.601,3.588,5.153,5.11,3.754,3.224
,서구,,0.11,0.05,1.21,0.97,0.82,1.262,1.227,1.199,-0.626,0.532,0.889,0.636,1.162,0.63,1.596,3.105,2.992,3.887,5.711,5.028,3.784,3.33
,남구,,-0.42,-0.13,0.5,0.43,0.5,2.937,0.8,0.387,-0.956,0.535,0.713,0.8,0.956,0.837,1.217,2.852,2.498,5.232,6.226,5.001,3.95,3.279
,북구,,-0.43,-0.25,0.88,0.09,0.15,2.54,2.036,0.436,-1.27,0.155,0.447,0.838,1.049,0.971,1.111,2.611,2.161,3.503,4.139,3.816,3.303,3.521
,광산구,,0.82,0.21,2.71,2.83,2.28,4.504,1.855,1.636,-0.643,0.302,0.781,0.89,1.548,0.644,1.22,3.142,3.455,4.697,5.474,5.122,4.428,3.673
(구)광주직할시,,,-,-,-,-,-,-,-,-,-,-,-,-,-,-,-,-,-,-,-,-,-,-
,(구)동구,,-,-,-,-,-,-,-,-,-,-,-,-,-,-,-,-,-,-,-,-,-,-
,(구)서구,,-,-,-,-,-,-,-,-,-,-,-,-,-,-,-,-,-,-,-,-,-,-
,(구)북구,,-,-,-,-,-,-,-,-,-,-,-,-,-,-,-,-,-,-,-,-,-,-
,(구)광산구,,-,-,-,-,-,-,-,-,-,-,-,-,-,-,-,-,-,-,-,-,-,-
대전,,,-0.24,1,3.24,5.47,2.25,6.803,4.154,1.481,-0.968,0.26,1.549,1.469,1.252,1.011,1.844,3.112,3.448,3.363,3.342,4.25,4.578,4.672
,동구,,-2.13,-0.04,1.52,2.86,3,9.04,7.75,2.235,-0.856,0.733,1.378,1.147,0.769,0.442,1.06,2.004,2.953,2.873,2.714,3.256,4.007,3.836
,중구,,-1.63,-0.42,1.05,2.15,1.33,1.85,3.287,0.917,-1.129,0.207,1.406,1.258,0.97,0.653,1.185,2.116,2.494,2.887,2.811,4.529,4.599,4.854
,서구,,0.39,2.08,4.79,7.7,1.26,6.226,2.385,1.096,-0.887,0.189,1.724,1.346,1.153,1.188,1.604,2.394,3.452,3.336,3.72,4.478,4.62,4.368
,유성구,,1.11,1.26,4.66,7.44,4.08,10.202,4.883,1.813,-0.946,0.236,1.49,1.921,1.702,1.348,2.87,4.996,4.217,3.883,3.729,4.874,5.08,5.376
,대덕구,,0.24,1.16,2.04,3.43,1.57,4.407,4.346,1.547,-1.126,0.005,1.625,1.108,1.098,0.613,1.091,2.002,2.869,3.083,2.685,2.645,3.602,4.047
(구)대전직할시,,,-,-,-,-,-,-,-,-,-,-,-,-,-,-,-,-,-,-,-,-,-,-
,(구)중구,,-,-,-,-,-,-,-,-,-,-,-,-,-,-,-,-,-,-,-,-,-,-
,(구)동구,,-,-,-,-,-,-,-,-,-,-,-,-,-,-,-,-,-,-,-,-,-,-
,(구)서구,,-,-,-,-,-,-,-,-,-,-,-,-,-,-,-,-,-,-,-,-,-,-
,(구)남구,,-,-,-,-,-,-,-,-,-,-,-,-,-,-,-,-,-,-,-,-,-,-
,(구)북구,,-,-,-,-,-,-,-,-,-,-,-,-,-,-,-,-,-,-,-,-,-,-
울산,,,-0.26,0.38,1.75,0.66,1.79,2.062,2.937,2.902,-0.281,0.307,0.736,1.094,1.646,1.368,1.849,2.52,2.351,3.542,2.646,0.35,1.635,2.315
,중구,,-1.13,-0.44,2.08,0.11,1.17,1.317,2.326,1.485,-0.666,0.504,0.616,0.968,1.61,1.439,2.471,3.368,3.566,4.904,3.708,0.805,2.425,2.984
,남구,,-0.4,0.96,1.57,0.66,1.04,1.34,3.195,2.571,-0.08,0.043,0.679,0.526,1.551,1.482,1.498,2.464,2.376,3.675,3.145,0.736,2.606,3.851
,동구,,0.56,0.08,1.45,0.49,0.54,0.119,0.318,0.934,-0.598,0.307,0.43,0.396,1.588,1.276,2.31,1.441,-0.407,-1.855,-3.032,-1.845,-0.863,0.187
,북구,,0.48,0.21,0.98,1.83,2.01,2.51,4.263,3.633,-0.295,0.204,0.663,1.5,1.727,1.489,2.037,2.292,2.356,4.266,3.404,1.009,1.046,1.83
,울주군,,-0.15,0.17,2.41,0.45,3.9,4.238,3.268,4.409,-0.235,0.558,0.974,1.78,1.743,1.178,1.74,2.67,2.627,4.175,3.002,0.04,1.382,1.37
세종,,,-,-,-,-,-,-,-,-,-,-,-,-,3.187,5.498,4.527,4.572,4.775,7.015,7.419,4.952,10.623,7.06
,세종시,,-,-,-,-,-,-,-,-,-,-,-,-,-,-,-,-,-,-,-,-,-,-
경기,,,1.92,1.91,13.06,5.12,6.12,5.686,5.074,4.229,-0.267,1.217,1.485,1.47,1.038,0.912,1.236,1.733,2.231,3.45,4.421,4.291,3.978,4.305
,시지역,,-,-,-,-,-,-,-,-,-,-,-,-,1.043,0.925,1.251,1.756,2.252,3.468,4.443,4.329,4.012,4.346
,군지역,,-,-,-,-,-,-,-,-,-,-,-,-,0.937,0.484,0.698,0.955,1.562,2.82,3.763,2.98,2.851,2.929
,수원시,,1.49,1.96,11.92,3.53,4.07,4.824,5.417,3.585,-1.124,0.912,1.504,1.579,0.687,0.522,1.238,1.431,1.835,3.067,3.493,3.964,4.085,4.229
,,장안구,0.97,1.22,7.62,2.16,3.36,3.872,4.533,3.201,-1.167,0.684,1.519,1.685,0.712,0.604,1.065,1.074,1.652,2.631,2.786,3.954,4.164,3.929
,,권선구,0.34,1.63,12.57,2.06,3.93,5.736,5.89,3.728,-0.98,1.084,1.425,1.575,0.108,0.113,1.156,1.371,1.684,2.83,3.46,3.83,4.054,4.291
,,팔달구,2.68,2.64,13.87,5.32,4.06,3.928,4.33,3.996,-0.225,1.053,1.885,1.606,0.351,0.32,0.708,1.185,1.646,3.176,3.808,4.18,4.017,4.796
,,영통구,-,-,-,-,4.83,5.412,6.441,3.468,-1.829,0.798,1.307,1.509,1.438,0.922,1.664,1.727,2.118,3.381,3.648,3.998,4.088,4.013
,성남시,,0.81,1.13,10.7,14.05,6.94,5.433,5.549,3.642,-2.06,0.809,1.089,1.267,1.028,1.361,0.837,1.348,2.496,3.385,5.651,5.036,4.473,4.781
,,수정구,0.62,1.08,10.56,11.85,4.85,5.622,7.352,3.486,-1.405,1.219,1.033,1.446,1.399,1.244,1.053,1.566,2.701,4.675,6.44,6.037,6.227,6.577
,,중원구,0.35,0.46,7.22,10.49,1.42,4.826,6.04,3.868,-2.058,1.424,1.068,1.221,0.845,0.471,0.744,1.212,2.399,2.799,4.408,4.911,5.527,5.254
,,분당구,1.06,1.42,12.06,16.25,9.66,5.523,4.84,3.633,-2.259,0.541,1.111,1.227,0.959,1.604,0.791,1.299,2.442,3.028,5.637,4.675,3.548,4.005
,의정부시,,1.75,2.38,10.63,3.4,5.29,2.797,5.196,5.627,1.166,1.436,1.493,1.004,0.362,0.381,1.158,1.162,1.839,2.438,3.196,3.25,4.119,4.013
,안양시,,1.54,1.09,12.34,2.85,4.54,5.387,5.323,4.16,-1.358,0.794,0.575,0.524,0.196,1.015,1.245,1.917,2.646,3.322,4.244,4.379,3.939,5.312
,,만안구,0.63,0.99,11.98,2.73,4.36,4.662,5.583,3.736,-1.228,0.719,0.841,0.703,0.331,1.091,1.265,1.895,2.509,3.406,3.639,4.16,3.761,4.409
,,동안구,2.19,1.16,12.56,2.93,4.67,5.841,5.162,4.419,-1.437,0.838,0.414,0.419,0.117,0.971,1.232,1.931,2.728,3.271,4.609,4.509,4.043,5.821
,부천시,,0.72,1.71,15.73,3.25,1.58,3.978,3.878,4.345,-0.483,1.467,1.348,1.261,0.945,1.382,1.516,1.899,1.304,3.387,3.582,4.379,4.116,4.506
,,(구)부천시중구,-,-,-,-,-,-,-,-,-,-,-,-,-,-,-,-,-,-,-,-,-,-
,,(구)부천시남구,-,-,-,-,-,-,-,-,-,-,-,-,-,-,-,-,-,-,-,-,-,-
,,원미구,0.46,1.63,15.99,2.73,0.66,3.435,3.471,3.844,-0.505,1.358,1.258,1.012,1.023,1.714,1.838,1.942,-,-,-,-,-,-
,,소사구,0.73,1.43,13.83,3.83,2.24,6.056,4.421,5.773,-0.385,1.674,1.445,1.926,0.775,0.717,0.861,1.794,-,-,-,-,-,-
,,오정구,1.29,2.15,17.11,3.83,3.01,3.302,4.361,4.186,-0.526,1.538,1.476,1.177,0.929,1.249,1.381,1.901,-,-,-,-,-,-
,광명시,,1.95,1.88,12.19,4.74,8.41,4.536,4.974,2.926,-1.049,1.202,2.182,1.397,1.244,1.103,1.141,2.107,2.263,3.562,4.959,5.447,5.718,5.608
,평택시,,1.91,1,11.41,6.23,11.54,12.55,8.932,4.982,2.667,1.257,2.08,1.796,1.552,0.938,1.298,2.92,4.223,7.547,5.695,5.034,3.805,3.566
,송탄시,,-,-,-,-,-,-,-,-,-,-,-,-,-,-,-,-,-,-,-,-,-,-
,동두천시,,0.94,-0.03,7.64,1.93,4.44,2.492,2.772,3.066,-0.246,0.602,0.783,0.878,0.507,0.055,0.273,0.848,1.262,1.66,2.376,2.635,2.324,2.771
,안산시,,0.7,0.52,19.81,4.61,3.17,2.87,3.355,4.188,-0.325,2.018,1.256,1.252,0.367,1.074,1.529,1.68,2.314,3.08,2.673,3.696,3.673,3.857
,,상록구,-,-,-,4.6,3.27,2.828,3.436,3.012,-0.306,1.131,1.301,1.236,0.324,0.87,1.312,1.27,2.297,3.038,2.782,3.712,3.694,3.706
,,단원구,-,-,-,4.61,3.12,2.894,3.309,4.876,-0.337,2.549,1.23,1.26,0.395,1.194,1.653,1.909,2.328,3.12,2.622,3.687,3.65,3.929
,고양시,,1.77,1.89,19.36,4.49,7.25,3.817,3.901,4.033,0.153,1.454,0.828,0.966,0.318,0.332,0.957,1.679,2.253,3.619,5.219,4.167,3.746,4.01
,,덕양구,2.01,0.54,20.68,6.1,7.7,3.783,4.357,4.401,0.534,2.025,1.143,0.943,0.281,0.1,0.387,1.189,1.862,3.883,5.638,5.142,5.098,5.101
,,일산구,-,-,-,-,-,-,-,-,-,-,-,-,-,-,-,-,-,-,-,-,-,-
,,일산동구,1.6,2.84,18.44,3.41,6.95,3.497,3.49,2.812,-0.06,0.767,0.509,0.916,0.395,0.724,0.842,2.832,2.685,3.195,4.802,3.532,2.829,3.224
,,일산서구,1.6,2.84,18.44,3.41,6.95,4.305,3.766,4.966,-0.193,1.387,0.709,1.059,0.285,0.251,1.986,1.14,2.398,3.652,5.026,3.273,2.546,3.054
,과천시,,1.24,1.41,16.38,4.07,5.29,5.682,8.063,2.517,-2.644,2.266,0.449,0.62,0.279,0.826,2.095,1.932,1.912,3.275,5.581,6.316,6.214,6.106
,구리시,,1.19,1.34,13.44,3.38,4.31,2.864,6.981,5.6,0.027,1.436,1.309,1.042,1.171,0.651,1.457,2.741,2.359,3.257,5.734,4.149,4.442,4.498
,(구)평택시,,-,-,-,-,-,-,-,-,-,-,-,-,-,-,-,-,-,-,-,-,-,-
,미금시,,-,-,-,-,-,-,-,-,-,-,-,-,-,-,-,-,-,-,-,-,-,-
,남양주시,,2.24,3.06,14.24,5.76,5.98,5.633,5.086,4.115,1.932,1.606,1.478,1.228,1.409,0.766,1.739,3.134,3.18,3.963,3.757,5.431,5.323,5.472
,오산시,,0.32,2.45,20.02,5.91,8.87,4.766,5.095,4.216,-1.246,0.551,1.38,1.529,1.063,1.093,1.624,1.547,1.792,2.711,2.877,3.144,3.309,3.945
,시흥시,,1.2,0.54,13.88,4.09,4.52,4.313,4.901,3.748,-0.353,0.934,2.996,3.533,1.666,1.188,1.437,1.321,2.325,3.345,3.464,3.974,3.904,6.993
,군포시,,1.69,1.29,11.34,2.23,4.04,4.052,5.409,3.426,-0.101,1.172,2.181,1.118,0.17,0.936,1.214,1.665,2.522,3.349,3.199,3.729,3.749,4.303
,의왕시,,1.72,1.37,11.34,2.51,6.29,6.053,8.277,3.437,-1.094,1.239,1.207,1.271,1.141,0.991,2.002,2.481,3.168,4.173,4.145,4.178,4.339,4.801
,하남시,,1.65,1.01,15.92,8.88,4,6.547,6.904,5.225,-1.066,3.723,4.761,5.645,3.414,3.778,4.001,3.555,3.161,3.885,5.263,6.904,6.574,6.846
,용인시,,4.28,3.94,12.16,3.53,5.71,7.738,4.332,4.446,-1.394,1.095,1.415,1.311,0.972,1.158,1.069,1.512,1.846,2.238,3.527,5.253,4.067,4.25
,,처인구,-,-,-,-,-,7.363,5.592,5.264,0.732,1.035,1.703,1.659,1.029,1.15,1.049,1.381,1.828,2.363,2.955,6.203,3.71,3.593
,,기흥구,-,-,-,-,-,6.963,3.043,4.149,-1.974,1.1,1.25,1.145,0.992,1.458,0.829,1.48,1.915,2.3,3.72,4.921,4.353,4.693
,,수지구,-,-,-,-,-,9.543,4.346,3.637,-3.256,1.158,1.279,1.12,0.869,0.724,1.455,1.729,1.765,1.974,4.023,4.48,4.151,4.525
,파주시,,4.37,2.84,15.36,4.3,13.29,5.757,4.259,4.984,-0.184,0.915,0.89,0.91,1.076,0.014,1.252,0.863,1.167,2.807,9.533,2.861,2.491,2.93
,이천시,,3.27,2.32,7.39,3.51,8.48,6.4,3.648,3.756,-0.98,1.073,1.459,1.507,1.1,1.14,1.687,1.969,2.388,2.757,3.138,3.677,3.717,3.551
,안성시,,1.76,0.62,5.77,2.06,6.65,8.344,5.382,4.626,-1.093,0.645,1.742,2.008,0.986,0.83,1.414,2.254,2.256,3.252,2.895,3.067,2.851,3.301
,김포시,,2.88,1.29,7.31,8.67,7.06,8.288,3.341,3.047,1.57,1.323,1.68,1.005,1.392,0.265,0.352,1.352,1.418,3.377,5.142,4.154,3.158,3.577
,화성시,,2.14,3.44,14.4,6.89,5.23,9.138,6.676,5.564,2.198,1.223,2.389,2.48,2.116,1.35,1.296,1.861,2.371,4.092,3.992,3.875,3.665,3.638
,광주시,,2.18,2.97,12.64,3.67,9.4,6.17,5.626,4.904,-0.723,0.643,1.517,1.623,1.142,1.126,1.222,1.377,2.175,3.377,4.345,3.921,4.124,4.449
,양주시,,2.11,2.18,10.78,3.76,6.86,5.141,6.174,5.845,0.587,0.631,0.681,0.989,0.583,0.248,0.536,1.04,1.71,2.025,3.121,3.194,3.743,3.535
,포천시,,3.74,3.12,14.5,4.24,6.13,4.917,3.949,5.07,-0.173,0.982,0.794,1.012,0.61,0.091,0.4,0.894,1.607,2.171,2.798,2.99,3.516,3.067
,여주시,,-,-,-,-,-,-,-,-,-,-,-,-,-,1.186,1.908,1.77,2.248,3.231,3.489,2.954,2.811,3.284
,양주군,,-,-,-,-,-,-,-,-,-,-,-,-,-,-,-,-,-,-,-,-,-,-
,남양주군,,-,-,-,-,-,-,-,-,-,-,-,-,-,-,-,-,-,-,-,-,-,-
,여주군,,3.04,1.89,5,2.9,11.83,6.905,3.624,3.757,-0.179,1.299,1.815,2.026,1.194,-,-,-,-,-,-,-,-,-
,평택군,,-,-,-,-,-,-,-,-,-,-,-,-,-,-,-,-,-,-,-,-,-,-
,화성군,,-,-,-,-,-,-,-,-,-,-,-,-,-,-,-,-,-,-,-,-,-,-
,시흥군,,-,-,-,-,-,-,-,-,-,-,-,-,-,-,-,-,-,-,-,-,-,-
,파주군,,-,-,-,-,-,-,-,-,-,-,-,-,-,-,-,-,-,-,-,-,-,-
,고양군,,-,-,-,-,-,-,-,-,-,-,-,-,-,-,-,-,-,-,-,-,-,-
,광주군,,-,-,-,-,-,-,-,-,-,-,-,-,-,-,-,-,-,-,-,-,-,-
,연천군,,4.27,1.44,3.74,0.92,7.94,3.803,3.225,3.822,-0.276,0.675,0.778,0.851,0.602,0.199,0.271,0.725,1.106,1.501,6.144,2.698,1.822,2.288
,포천군,,-,-,-,-,-,-,-,-,-,-,-,-,-,-,-,-,-,-,-,-,-,-
,가평군,,0.73,1.38,8.3,3.45,6.26,3.591,3.085,2.688,-0.414,1.079,1.102,0.882,0.602,0.316,0.756,0.836,1.41,2.303,2.922,2.856,2.579,2.634
,양평군,,0.73,2.8,7.76,1.76,5.04,4.073,5.138,2.693,-0.653,1.427,1.639,0.899,1.018,0.705,0.837,1.108,1.815,3.579,3.41,3.151,3.374,3.321
,이천군,,-,-,-,-,-,-,-,-,-,-,-,-,-,-,-,-,-,-,-,-,-,-
,용인군,,-,-,-,-,-,-,-,-,-,-,-,-,-,-,-,-,-,-,-,-,-,-
,안성군,,-,-,-,-,-,-,-,-,-,-,-,-,-,-,-,-,-,-,-,-,-,-
,김포군,,-,-,-,-,-,-,-,-,-,-,-,-,-,-,-,-,-,-,-,-,-,-
,강화군,,-,-,-,-,-,-,-,-,-,-,-,-,-,-,-,-,-,-,-,-,-,-
,옹진군,,-,-,-,-,-,-,-,-,-,-,-,-,-,-,-,-,-,-,-,-,-,-
강원,,,1.39,2.29,1.88,1.79,2.27,2.632,2.521,1.665,0.378,0.342,0.843,1.415,1.791,1.292,1.764,2.642,2.924,3.818,3.578,2.655,2.155,3.03
,시지역,,-,-,-,-,-,-,-,-,-,-,-,-,2.031,1.438,2.06,2.938,3.262,3.956,3.501,2.779,2.416,3.481
,군지역,,-,-,-,-,-,-,-,-,-,-,-,-,1.411,1.064,1.3,2.185,2.4,3.604,3.698,2.464,1.742,2.328
,춘천시,,2.27,10.03,1.07,2.13,1.4,2.874,2.561,2.067,-0.087,1.022,1.689,1.554,2.478,1.693,2,3.031,3.296,3.492,3.23,2.862,2.418,3.299
,원주시,,0.81,0.18,1.69,2.85,4.37,4.078,5.862,2.657,2.15,0.271,0.901,1.806,2.384,1.776,2.979,3.265,3.979,4.419,3.946,2.851,2.258,3.295
,강릉시,,1.15,0.24,1.79,1.54,0.98,2.048,0.934,0.42,-0.172,-0.034,0.298,1.739,2.299,1.514,1.739,2.787,2.626,4.07,3.292,2.857,2.885,4.252
,동해시,,1.3,-0.18,0.29,2.21,2.06,0.494,1.103,0.891,-0.048,-0.192,0.049,0.08,0.443,0.291,1.114,2.216,2.164,3.195,2.906,2.399,2.252,2.205
,태백시,,2.93,4.28,3.95,0.68,1.28,1.048,1.025,0.57,-0.005,-0.306,0.097,0.045,0.205,-0.183,0.191,1.502,1.6,1.952,1.86,1.652,1.307,1.528
,속초시,,0.15,0.06,1.56,1.4,2.83,0.678,0.452,0.622,-0.011,0.173,0.319,0.631,0.817,0.343,0.261,2.763,3.451,5.81,4.953,3.033,3.05,5.983
,삼척시,,0.45,0.19,0.97,1.22,1.01,0.64,1.286,1.396,-0.769,0.233,0.578,0.448,1.001,0.837,1.287,2.347,1.869,2.53,2.293,2.076,1.778,2.022
,춘성군,,-,-,-,-,-,-,-,-,-,-,-,-,-,-,-,-,-,-,-,-,-,-
,춘천군,,-,-,-,-,-,-,-,-,-,-,-,-,-,-,-,-,-,-,-,-,-,-
,홍천군,,1.24,1.95,5.1,1.22,2.56,4.293,2.361,2.133,1.036,0.77,1.428,1.777,1.544,1.21,1.29,2.314,2.716,3.267,2.819,2.389,1.754,2.182
,횡성군,,1.71,1.08,4.95,1.16,0.93,4.245,3.168,1.833,-0.055,0.576,0.799,1.622,1.989,1.337,1.182,2.462,2.568,3.508,2.864,2.391,1.68,2.044
,원성군,,-,-,-,-,-,-,-,-,-,-,-,-,-,-,-,-,-,-,-,-,-,-
,원주군,,-,-,-,-,-,-,-,-,-,-,-,-,-,-,-,-,-,-,-,-,-,-
,영월군,,1.13,2.65,1.79,0.65,1,2.293,2.696,2.138,-0.18,0.277,0.413,1.043,1.271,1.193,1.983,1.806,1.63,2.946,2.581,2.542,1.663,1.89
,평창군,,0.04,0.48,1.9,2.07,4.42,2.877,2.827,1.5,-0.345,0.22,1.262,2.873,2.558,1.914,2.223,2.155,2.201,3.928,3.157,2.477,2.196,2.577
,정선군,,4.59,4.29,4.66,1.51,1.28,2.635,2.984,2.086,-0.037,0.247,1.182,2.161,1.035,0.988,1.687,2.249,2.303,2.516,2.629,2.052,1.212,1.318
,철원군,,3.69,-0.05,0.62,0.21,2.93,3.616,1.217,1.913,-0.196,0.102,0.152,0.243,0.661,0.166,0.565,2.18,2.064,2.897,6.651,2.572,1.191,1.545
,화천군,,1.55,1.08,0.89,0.85,0.1,2.392,0.874,0.385,-0.074,0.093,0.15,0.282,0.63,0.233,0.634,2.01,2.163,3.247,2.801,2.12,1.366,1.618
,양구군,,1.26,2.29,3.43,2.11,1.14,2.896,2.428,2.148,-0.257,0.143,0.387,0.347,0.624,0.39,0.509,2.017,2.228,3.224,2.858,2.329,1.386,1.633
,인제군,,1.18,0.5,1.74,1.02,1.23,1.958,1.51,1.87,0.576,0.114,0.868,1.046,0.929,0.683,0.658,2.239,2.579,3.698,2.888,2.187,1.5,1.721
,고성군,,1.62,1.38,3.39,1.78,2.54,2.397,2.16,1.749,-0.119,0.105,0.348,0.558,0.93,1.108,1.286,1.455,2.161,5.038,8.058,2.924,2.388,4.175
,양양군,,1.67,1.13,0.96,1.56,3.06,0.647,1.686,0.77,-0.006,0.012,0.253,0.503,0.772,0.515,0.653,2.52,3.367,5.71,3.943,3.002,3.101,5.043
,명주군,,-,-,-,-,-,-,-,-,-,-,-,-,-,-,-,-,-,-,-,-,-,-
,삼척군,,-,-,-,-,-,-,-,-,-,-,-,-,-,-,-,-,-,-,-,-,-,-
충북,,,1.12,0.41,3.02,2.54,3.83,4.981,4.37,1.265,-0.364,0.11,0.653,0.585,1.086,1.018,1.694,1.902,1.919,3.079,3.156,2.221,2.273,3.26
,시지역,,-,-,-,-,-,-,-,-,-,-,-,-,0.941,0.916,1.782,1.863,1.842,3.034,3.311,2.327,2.398,3.455
,군지역,,-,-,-,-,-,-,-,-,-,-,-,-,1.223,1.113,1.696,1.974,2.073,3.165,2.861,2.016,2.033,2.892
,청주시,,-,-,-,-,-,-,-,-,-,-,-,-,-,-,0.69,1.906,1.92,2.954,3.629,2.558,2.704,3.709
,,상당구,-,-,-,-,-,-,-,-,-,-,-,-,-,-,0.987,1.813,1.502,2.929,3.276,2.067,2.287,3.015
,,서원구,-,-,-,-,-,-,-,-,-,-,-,-,-,-,0.245,1.462,1.843,2.627,3.259,2.1,2.289,3.115
,,흥덕구,-,-,-,-,-,-,-,-,-,-,-,-,-,-,0.72,2.172,1.928,3.238,3.987,2.936,3.115,4.334
,,청원구,-,-,-,-,-,-,-,-,-,-,-,-,-,-,0.799,1.945,2.285,2.831,3.695,2.801,2.821,3.905
,(구)청주시,,1.31,0.73,5.2,4.03,5.01,3.571,1.778,0.734,-0.452,0.079,0.699,0.394,0.975,0.932,0.435,-,-,-,-,-,-,-
,,(구)상당구,1.01,0.8,6.24,2.81,4.05,2.369,1.744,0.654,-0.491,0.078,0.796,0.41,0.91,0.778,0.383,-,-,-,-,-,-,-
,,(구)흥덕구,1.55,0.68,4.41,5.03,5.78,4.437,1.804,0.785,-0.429,0.081,0.641,0.384,1.014,1.027,0.466,-,-,-,-,-,-,-
,충주시,,0.43,-0.13,0.66,1.18,2.2,6.257,2.46,1.091,-0.537,0.195,0.802,0.722,1.042,0.937,2.194,1.739,1.521,3.133,2.704,1.888,1.797,2.987
,제천시,,1.07,-0.63,0.18,0.78,1.36,1.955,3.257,0.86,-0.849,-0.92,0.166,0.357,0.604,0.805,1.496,1.807,1.942,3.404,2.264,1.553,1.415,2.563
,(구)청원군,,1.98,0.84,9.13,6.45,7.98,9.884,7.344,1.286,-0.041,0.066,0.25,0.347,1.318,1.333,1.004,-,-,-,-,-,-,-
,보은군,,0.96,0.04,-0.7,-0.15,0.78,1.858,2.652,1.272,-0.09,0.076,0.511,0.09,0.369,0.62,1.179,1.968,1.837,2.41,2.604,1.534,1.426,1.747
,옥천군,,0.52,0.45,0.33,0.12,1.27,1.577,1.783,1.479,-0.481,0.006,0.721,0.493,0.595,0.894,2.187,2.067,1.75,2.523,2.618,1.887,1.881,1.974
,영동군,,1.01,0.09,-0.26,0.03,0.38,2.716,2.382,1.378,-0.156,0.159,0.608,0.849,0.559,0.697,1.217,1.621,1.284,2.086,2.397,1.756,1.652,1.945
,증평군,,-,-,-,0.1,3.22,3.063,2.143,1.29,-0.171,0.252,0.464,0.274,0.684,0.904,1.573,1.419,1.396,2.669,2.768,1.87,1.791,2.97
,진천군,,0.03,0.39,-0.02,0.81,4.05,6.309,12.338,3.577,-0.114,0.458,1.304,0.777,1.614,1.157,1.99,1.81,1.9,3.43,3.265,2.409,2.812,4.13
,괴산군,,2.5,0.56,-0.07,1.25,0.62,2.224,2.175,1.368,-0.048,0.242,0.779,0.683,0.656,0.459,1.092,2.075,1.868,2.606,2.224,1.598,1.547,2.456
,음성군,,0.86,0.49,0.08,0.56,3.22,6.23,12.12,2.011,-0.506,0.571,1.164,1.647,1.721,1.298,2.346,2.231,2.685,3.776,3.021,2.177,2.109,2.964
,중원군,,-,-,-,-,-,-,-,-,-,-,-,-,-,-,-,-,-,-,-,-,-,-
,제원군,,-,-,-,-,-,-,-,-,-,-,-,-,-,-,-,-,-,-,-,-,-,-
,제천군,,-,-,-,-,-,-,-,-,-,-,-,-,-,-,-,-,-,-,-,-,-,-
,단양군,,0.11,0.31,0.38,0.58,0.34,2.694,2.128,1.267,-0.527,0.149,0.458,0.91,0.749,0.601,1.541,1.896,2.312,3.823,3.078,1.742,1.313,2.45
충남,,,1.18,0.36,2.48,4.81,11.65,8.322,5.546,2.025,-0.117,0.257,1.161,0.762,0.88,0.777,1.386,1.512,1.898,2.983,2.276,1.632,2.08,2.81
,시지역,,-,-,-,-,-,-,-,-,-,-,-,-,0.92,0.799,1.476,1.593,1.976,3.21,2.383,1.643,2.197,2.999
,군지역,,-,-,-,-,-,-,-,-,-,-,-,-,0.8,0.7,1.056,1.236,1.632,2.208,1.909,1.589,1.683,2.162
,대전시,,-,-,-,-,-,-,-,-,-,-,-,-,-,-,-,-,-,-,-,-,-,-
,,대전시동구,-,-,-,-,-,-,-,-,-,-,-,-,-,-,-,-,-,-,-,-,-,-
,,중구,-,-,-,-,-,-,-,-,-,-,-,-,-,-,-,-,-,-,-,-,-,-
,,서구,-,-,-,-,-,-,-,-,-,-,-,-,-,-,-,-,-,-,-,-,-,-
,천안시,,0.06,0.2,4.9,8.28,17.82,7.281,2.864,2.234,-0.063,-0.055,0.795,0.592,0.535,0.462,1.29,1.51,1.875,3.309,2.562,1.817,2.636,3.601
,,동남구,-,-,-,-,-,-,-,-,-0.328,-0.178,0.833,0.75,0.525,0.363,0.91,1.749,1.789,2.623,2.064,1.513,2.151,3.679
,,서북구,-,-,-,-,-,-,-,-,0.171,0.055,0.766,0.469,0.543,0.537,1.573,1.325,1.937,3.847,2.945,2.055,3.005,3.545
,공주시,,0.95,-0.07,2.05,6.6,9.15,17.725,9.523,1.125,-1.584,-0.442,0.729,0.89,2.155,0.794,1.573,2.439,2.92,2.341,2.321,1.873,2.353,3.862
,대천시,,-,-,-,-,-,-,-,-,-,-,-,-,-,-,-,-,-,-,-,-,-,-
,보령시,,1.77,1.19,4.04,2.41,6.37,6.13,5.466,1.328,-1.673,0.2,1.57,0.487,0.673,0.509,1.509,1.198,1.578,2.319,2.02,1.476,1.758,2.386
,온양시,,-,-,-,-,-,-,-,-,-,-,-,-,-,-,-,-,-,-,-,-,-,-
,아산시,,1.22,0.27,4.76,8.73,17.6,9.809,5.698,2.088,0.174,0.812,1.573,0.892,0.617,0.663,1.397,1.345,2.206,3.664,2.388,2.186,2.923,3.571
,서산시,,1.28,0.11,0.96,2.39,8.92,4.275,3.968,1.897,-0.177,0.817,0.96,0.664,1.406,1.167,1.457,1.832,1.795,3.528,2.753,1.819,2.127,2.628
,논산시,,1.5,0.68,0.74,4.65,4.09,7.55,1.36,0.338,-1.066,-1.003,0.929,1.112,1.35,0.778,1.003,1.492,1.997,2.711,2.498,1.749,2.019,2.594
,계룡시,,-,-,-,2.09,7.37,7.574,3.21,0.08,-2.372,-0.343,-0.166,0.202,0.292,0.247,0.934,0.999,1.969,2.329,2.091,1.694,2.248,2.714
,당진시,,-,-,-,-,-,-,-,-,-,-,-,0.091,1.11,1.507,2.072,1.687,1.702,3.207,1.992,0.599,0.831,1.537
,금산군,,2.37,0.91,0.36,1.75,5.48,7.599,3.222,0.642,-1.508,-1.536,0.731,1,0.701,0.65,0.995,1.33,1.401,1.938,2.248,1.516,1.538,2.309
,대덕군,,-,-,-,-,-,-,-,-,-,-,-,-,-,-,-,-,-,-,-,-,-,-
,연기군,,0.58,-0.13,2.42,11.59,23.33,27.711,10.384,0.872,-3.764,-1.292,0.68,1.079,-,-,-,-,-,-,-,-,-,-
,공주군,,-,-,-,-,-,-,-,-,-,-,-,-,-,-,-,-,-,-,-,-,-,-
,논산군,,-,-,-,-,-,-,-,-,-,-,-,-,-,-,-,-,-,-,-,-,-,-
,부여군,,1.6,0.39,0.4,0.79,4.34,3.758,2.062,1.031,-0.813,0.286,0.462,0.565,0.826,0.48,1.002,1.353,1.748,1.949,2.016,1.904,1.66,2.382
,서천군,,2.34,-0.09,0.23,0.42,1.6,5.291,1.356,1.533,-0.763,0.051,0.401,0.419,0.599,0.696,0.944,1.167,1.533,1.886,0.668,0.827,1.12,1.488
,보령군,,-,-,-,-,-,-,-,-,-,-,-,-,-,-,-,-,-,-,-,-,-,-
,청양군,,0.48,-0.1,0.14,0.77,8.84,5.943,7.271,2.383,-1.223,0.25,0.57,0.81,0.864,0.478,0.556,1.212,1.697,1.895,1.587,1.229,1.463,1.815
,홍성군,,1.81,0.21,1.09,1.71,9.72,4.319,16.847,3.769,1.508,0.247,1.556,0.938,1.165,1.004,1.309,1.536,1.553,2.178,1.656,1.543,1.967,2.474
,예산군,,0.97,-0.04,0.22,0.72,9.68,3.614,17.062,3.536,0.602,0.371,1.001,0.669,0.971,0.737,1.078,1.403,1.733,2.128,2.101,1.751,1.726,2.039
,서산군,,-,-,-,-,-,-,-,-,-,-,-,-,-,-,-,-,-,-,-,-,-,-
,태안군,,1.43,0.04,3.42,1.54,8.11,5.863,5.345,3.336,-1.828,-0.225,1.498,0.888,0.882,0.627,1.082,0.705,1.681,2.866,2.366,1.734,1.745,2.177
,당진군,,2.11,1.21,1.34,2.29,11.04,5.879,4.875,3.335,5.628,2.578,2.661,0.751,-,-,-,-,-,-,-,-,-,-
,아산군,,-,-,-,-,-,-,-,-,-,-,-,-,-,-,-,-,-,-,-,-,-,-
,천원군,,-,-,-,-,-,-,-,-,-,-,-,-,-,-,-,-,-,-,-,-,-,-
,천안군,,-,-,-,-,-,-,-,-,-,-,-,-,-,-,-,-,-,-,-,-,-,-
전북,,,1.13,-0.13,0.64,0.96,0.7,1.379,1.291,1.211,2.583,-0.529,0.658,0.769,1.433,1.041,1.584,2.307,2.151,3.326,2.717,2.597,2.368,2.571
,시지역,,-,-,-,-,-,-,-,-,-,-,-,-,1.477,1.063,1.6,2.378,2.091,3.099,2.391,2.416,2.23,2.494
,군지역,,-,-,-,-,-,-,-,-,-,-,-,-,1.28,0.966,1.535,2.079,2.337,4.021,3.704,3.14,2.772,2.792
,전주시,,0.38,-0.05,1.32,2.3,1.22,1.768,1.82,1.975,-0.019,0.011,0.671,0.965,1.637,1.261,1.856,3.276,2.81,3.929,3.967,3.062,2.759,2.878
,,완산구,0.24,-0.33,1.14,2.61,0.66,1.999,1.693,2.016,-0.023,0.021,0.854,1.339,1.917,1.26,1.889,3.824,2.955,3.544,3.739,2.996,2.789,2.884
,,덕진구,0.53,0.22,1.49,1.99,1.77,1.521,1.955,1.934,-0.014,-0.002,0.46,0.518,1.301,1.261,1.816,2.628,2.64,4.368,4.14,3.126,2.735,2.891
,군산시,,0.45,-0.31,-0.11,-0.03,0.35,0.424,0.6,1.376,15.211,-2.663,1.02,0.765,1.432,1.066,1.468,1.889,1.257,1.171,-1.922,0.298,0.814,1.93
,익산시,,1.09,-0.39,0.33,0.33,0.68,0.829,1.037,0.647,-0.023,-0.348,0.581,0.558,1.982,0.894,1.367,1.84,2.005,3.911,3.87,3.141,2.573,2.512
,이리시,,-,-,-,-,-,-,-,-,-,-,-,-,-,-,-,-,-,-,-,-,-,-
,정주시,,-,-,-,-,-,-,-,-,-,-,-,-,-,-,-,-,-,-,-,-,-,-
,정읍시,,1.29,-0.36,-0.23,-0.04,0.16,0.509,1.36,0.502,-0.011,0.009,0.411,0.299,1.166,1.007,1.482,2.313,2.012,3.497,3.034,2.828,2.631,2.572
,남원시,,2.19,0.25,0.33,-0.2,-0.11,0.036,-0.306,-0.112,-0.954,0.021,0.231,0.286,0.544,0.735,1.425,1.767,1.847,2.926,3.072,2.768,2.458,2.416
,김제시,,2.32,-0.23,-0.06,0.09,0.34,1.053,0.309,0.624,0.849,0.039,0.507,0.409,0.759,0.802,1.563,1.576,1.884,3.025,3.333,3.035,2.277,2.11
,완주군,,1.76,0.3,1.45,3.11,1.31,3.146,3.759,1.69,-0.148,0.055,0.519,1.382,2.309,1.12,1.816,2.515,3.073,4.856,4.075,3.446,3.16,3.225
,진안군,,2.39,-0.18,0.65,0.87,1.2,0.755,0.876,0.539,-0.176,0.011,0.174,0.24,0.646,0.75,1.609,1.396,1.594,3.211,3.199,2.958,2.398,2.46
,무주군,,1.14,-0.15,1.05,1.04,1.42,14.768,5.184,1.421,-0.056,0.005,0.154,0.571,0.639,0.686,1.107,1.692,1.545,3.44,3.187,2.822,2.47,2.497
,장수군,,2.99,0.28,0.52,0.82,0.96,1.596,1.338,0.926,-0.134,0.041,0.314,0.19,0.365,0.694,1.326,1.549,1.601,3.05,3.092,2.787,2.515,2.464
,임실군,,2.39,0.18,0.43,0.13,0.13,-0.012,0.634,0.37,-0.228,0.003,0.348,0.709,0.628,0.819,1.377,1.874,2.111,3.277,3.128,2.758,2.557,2.491
,남원군,,-,-,-,-,-,-,-,-,-,-,-,-,-,-,-,-,-,-,-,-,-,-
,순창군,,1.63,-0.02,0.78,0.17,0.12,0.429,0.453,0.303,-0.005,0.03,0.244,0.366,0.588,0.622,1.557,1.888,2.077,3.481,3.215,2.958,2.481,2.347
,정읍군,,-,-,-,-,-,-,-,-,-,-,-,-,-,-,-,-,-,-,-,-,-,-
,고창군,,1.91,-0.03,0.35,-0.19,0.13,0.154,0.188,0.6,-0.04,0.03,0.347,0.573,1.026,1.188,1.349,1.867,1.96,3.365,3.471,3.058,2.437,2.533
,부안군,,3.45,0.22,1.45,0.52,0.34,1.405,0.49,1.667,2.18,0.019,1.538,1.609,1.172,0.987,1.487,2.159,2.293,4.072,4.036,3.085,2.749,2.754
,김제군,,-,-,-,-,-,-,-,-,-,-,-,-,-,-,-,-,-,-,-,-,-,-
,옥구군,,-,-,-,-,-,-,-,-,-,-,-,-,-,-,-,-,-,-,-,-,-,-
,익산군,,-,-,-,-,-,-,-,-,-,-,-,-,-,-,-,-,-,-,-,-,-,-
전남,,,1.94,0.35,0.95,0.5,0.93,2.448,1.91,1.309,0.26,0.351,1.133,0.948,1.345,0.961,1.802,2.802,2.603,3.902,3.995,3.896,3.322,3.671
,시지역,,-,-,-,-,-,-,-,-,-,-,-,-,1.726,1.117,2.114,3.027,2.74,4.145,4.093,4.051,3.566,3.986
,군지역,,-,-,-,-,-,-,-,-,-,-,-,-,0.963,0.794,1.459,2.535,2.436,3.609,3.875,3.707,3.034,3.311
,(구)나주시,,-,-,-,-,-,-,-,-,-,-,-,-,-,-,-,-,-,-,-,-,-,-
,광산군,,-,-,-,-,-,-,-,-,-,-,-,-,-,-,-,-,-,-,-,-,-,-
,목포시,,0.38,0.43,1.55,-0.38,0.26,0.41,0.265,0.08,-0.26,0.051,0.547,0.147,0.837,0.803,1.203,1.242,1.006,2.516,2.842,3.598,2.869,2.561
,여수시,,1.63,0.23,0.95,1.21,1.07,0.808,1.011,3.128,3.653,1.077,2.5,2.211,2.482,1.287,1.647,3.254,3.586,4.87,4.794,3.962,4.01,5.004
,순천시,,0.63,-0.21,0.74,0.71,1.4,0.053,1.025,0.897,-0.217,0.366,1.15,0.906,1.688,1.019,1.494,2.551,2.553,4.469,4.136,4.208,3.714,3.913
,나주시,,2.52,-0.02,-0.14,-0.21,0.15,11.215,9.865,2.034,1.254,0.324,0.59,0.538,1.23,1.008,4.456,5.329,3.072,4.928,4.875,4.889,3.675,3.533
,여천시,,-,-,-,-,-,-,-,-,-,-,-,-,-,-,-,-,-,-,-,-,-,-
,동광양시,,-,-,-,-,-,-,-,-,-,-,-,-,-,-,-,-,-,-,-,-,-,-
,광양시,,0.72,-0.22,2.2,0.8,0.91,2.794,1.444,0.922,-0.066,0.603,1.961,1.867,1.787,1.31,2.404,2.613,2.613,3.1,3.138,3.549,3.073,3.721
,담양군,,1.36,0.61,0.94,0.25,0.2,3.103,1.805,1.361,-0.769,0.12,0.644,0.464,0.946,0.998,1.477,3.172,3.129,5.154,5.879,4.729,3.932,4.137
,곡성군,,1.34,0.44,1.39,1.3,1.31,1.093,0.88,0.437,-1.045,0.085,0.491,0.49,0.837,0.832,1.247,2.757,2.969,3.922,3.434,3.071,2.562,2.787
,구례군,,1.02,-0.02,0.17,0.32,0.09,0.649,1.31,0.605,-1.002,0.209,0.769,1.108,0.99,0.66,1.31,5.106,2.86,4.673,4.055,3.665,2.959,3.331
,광양군,,-,-,-,-,-,-,-,-,-,-,-,-,-,-,-,-,-,-,-,-,-,-
,여천군,,-,-,-,-,-,-,-,-,-,-,-,-,-,-,-,-,-,-,-,-,-,-
,승주군,,-,-,-,-,-,-,-,-,-,-,-,-,-,-,-,-,-,-,-,-,-,-
,고흥군,,3.11,1.16,0.48,0.05,0.28,0.442,0.215,0.356,-1.059,-0.163,0.774,1.406,0.788,0.723,1.11,2.424,2.658,4.14,3.608,3.198,2.723,3.337
,보성군,,1.94,0.05,0.44,0.4,0.35,0.544,0.692,0.8,-0.996,0.037,0.488,0.859,0.782,0.915,1.228,2.38,2.173,3.087,3.136,2.837,2.514,3.449
,화순군,,3,1.16,0.83,1.38,0.48,1.135,1.589,1.106,-1.012,0.052,0.595,0.474,0.886,0.793,1.543,2.763,2.846,3.884,4.637,4.906,3.502,3.696
,장흥군,,2.85,0.19,0.59,-0.25,0.25,0.499,0.508,0.528,-0.164,0.111,0.96,0.673,0.911,0.967,1.875,2.004,2.2,3.06,3.235,3.206,2.502,2.844
,강진군,,2.54,0.72,0.3,0.39,0.29,0.382,0.355,0.395,-0.314,0.07,0.781,0.499,0.919,0.826,1.628,1.932,2.255,3.374,3.137,3.111,2.602,2.799
,해남군,,1.81,-0.24,0.04,0.67,4.54,4.714,3.002,0.919,-0.302,0.201,0.778,1.032,1.129,0.948,1.294,1.803,2.299,2.943,3.237,3.132,2.77,3.115
,영암군,,2.25,0.74,0.16,-0.15,1.62,3.769,1.383,1.065,-0.909,0.17,1.009,0.456,1.211,0.637,1.27,2.063,1.72,2.129,3.136,3.114,2.448,2.805
,무안군,,8.48,2.3,3.55,0.57,1.06,8.294,4.56,2.918,0.659,0.403,0.532,0.276,1.081,0.687,1.302,2.308,2.403,3.443,3.465,3.504,3.046,3.049
,나주군,,-,-,-,-,-,-,-,-,-,-,-,-,-,-,-,-,-,-,-,-,-,-
,함평군,,2.64,1.21,1.08,1.01,0.49,0.49,0.989,0.524,-0.177,0.113,0.676,0.324,0.69,0.548,1.617,2.29,2.01,3.588,3.602,3.509,3.395,3.367
,영광군,,1.36,-0.44,0.92,-0.57,0.22,0.332,0.192,0.127,-0.969,0.073,0.541,0.64,0.654,0.67,1.622,2.429,1.887,4.121,3.748,3.307,2.728,2.76
,장성군,,2.51,0.41,0.43,0.29,0.27,3.485,0.563,1.095,-0.504,0.095,0.859,0.684,0.898,0.651,1.887,3.638,2.813,5.002,5.502,4.924,3.639,4.23
,완도군,,2.39,0.83,0.27,0.73,0.93,0.625,0.914,1.131,-0.996,-0.139,0.768,0.991,0.926,0.741,1.756,2.301,1.953,3.221,3.648,3.33,3.061,3.199
,진도군,,1.86,-0.06,0.13,0.39,0.41,2.487,1.22,0.103,-1.063,-0.16,0.487,0.416,0.634,0.61,1.473,2.503,2.743,3.182,3.323,3.307,2.489,2.423
,신안군,,4.08,0.93,1.48,0.97,0.91,1.006,2.309,1.669,-0.156,0.778,2.296,0.891,1.124,1.349,1.965,2.875,2.896,3.477,3.874,4.823,3.652,3.74
경북,,,0.72,0.51,2.06,0.15,2.11,2.194,2.517,1.683,-0.133,0.484,1.144,1.112,1.397,1.49,2.417,2.651,2.542,3.09,2.86,2.38,1.85,2.29
,시지역,,-,-,-,-,-,-,-,-,-,-,-,-,1.443,1.48,2.42,2.643,2.555,2.905,2.734,2.219,1.709,2.204
,군지역,,-,-,-,-,-,-,-,-,-,-,-,-,1.23,1.528,2.407,2.676,2.49,3.706,3.276,2.9,2.3,2.551
,대구시,,-,-,-,-,-,-,-,-,-,-,-,-,-,-,-,-,-,-,-,-,-,-
,포항시,,0.69,0.5,1.68,0.1,3.54,1.483,2.121,1.506,0.097,0.776,1.488,1.217,1.646,1.606,2.115,2.315,2.327,2.047,2.042,2.363,2.076,2.296
,,남구,0.46,0.59,1.9,0.1,2.18,1.227,2.694,1.055,0.32,0.553,1.388,1.198,1.445,1.623,2.015,2.191,2.021,2.2,2.482,2.605,2.114,2.252
,,북구,0.95,0.39,1.41,0.11,5.15,1.81,1.391,2.099,-0.138,1.011,1.593,1.24,1.85,1.589,2.209,2.428,2.608,1.918,1.658,2.149,2.046,2.335
,경주시,,0.48,0.45,1.81,0.14,1.5,2.255,4.687,2.362,-0.781,0.546,1.301,1.142,1.318,1.469,2.371,2.777,2.143,2.479,2.692,2.457,2.019,2.132
,김천시,,0.61,0.73,1.56,-0.32,4.26,5.688,8.032,2.276,-0.436,0.408,0.89,0.953,1.193,1.073,1.932,2.718,2.108,2.307,2.287,1.096,0.937,1.904
,안동시,,1.24,0.77,2.16,0.01,1.36,0.415,0.303,0.764,1.967,0.924,1.055,1.765,2.041,2.116,3.473,3.165,3.142,3.179,3.119,2.304,1.259,1.795
,구미시,,0.78,0.46,4.28,1.22,2,3.516,2.492,1.782,-0.025,0.437,1.011,1.21,1.455,1.468,2.257,2.407,2.44,2.798,1.947,0.483,0.68,1.834
,영주시,,0.34,0.48,0.82,-0.68,0.99,0.402,0.565,0.415,-0.358,0.382,0.908,0.808,1.045,1.063,2.147,2.518,2.336,2.654,3.158,3.001,2.017,2.099
,영천시,,0.67,0.5,1.9,0.22,1.74,1.827,2.07,1.592,-0.093,0.402,1.005,1.043,1.51,1.916,3.351,3.101,3.258,3.654,2.959,2.9,1.627,2.163
,상주시,,0.43,0.15,0.91,-0.09,0.92,2.069,1.709,1.49,-0.109,0.546,0.843,0.84,1.05,1.223,2.138,2.348,2.085,3.262,3.068,2.797,1.592,1.939
,점촌시,,-,-,-,-,-,-,-,-,-,-,-,-,-,-,-,-,-,-,-,-,-,-
,문경시,,0.69,0.1,1.06,-0.75,0.66,0.954,1.167,1.248,-0.222,0.264,0.783,0.851,1.224,1.085,2.61,2.658,2.622,2.812,3.453,2.692,1.704,1.704
,경산시,,0.41,0.59,2,0.51,1.47,3.167,1.638,2.376,-0.281,0.009,1.511,1.162,1.317,1.268,2.771,3.026,3.581,5.014,4.635,3.608,2.607,3.187
,달성군,,-,-,-,-,-,-,-,-,-,-,-,-,-,-,-,-,-,-,-,-,-,-
,군위군,,0.7,1.08,3.15,0.36,1.56,2.8,1.265,0.831,-0.058,0.72,0.961,0.876,0.936,1.008,2.077,2.351,2.523,4.488,3.631,3.514,5,6.778
,의성군,,0.75,0.47,1.33,-0.49,1.14,0.296,0.939,0.563,-0.762,0.412,0.862,0.73,0.884,1.12,2.178,2.402,2.296,3.722,3.24,3.276,3.975,4.463
,안동군,,-,-,-,-,-,-,-,-,-,-,-,-,-,-,-,-,-,-,-,-,-,-
,청송군,,0.71,0.58,2.94,-1.12,0.92,0.661,0.816,0.72,-0.905,0.536,0.856,0.698,0.848,0.826,2.104,2.437,2.346,3.686,3.526,2.47,1.662,1.757
,영양군,,0.67,0.86,2.23,-1.41,0.24,0.178,0.184,0.26,-0.283,0.705,0.819,0.72,0.711,0.77,2.566,2.013,2.141,2.741,2.7,2.453,1.5,1.536
,영덕군,,0.81,1.41,2.3,0.04,1.3,3.368,1.763,0.38,-1.057,0.411,0.881,0.772,0.956,1.735,2.146,3.172,3.436,4.6,3.108,2.73,2.336,2.313
,영일군,,-,-,-,-,-,-,-,-,-,-,-,-,-,-,-,-,-,-,-,-,-,-
,월성군,,-,-,-,-,-,-,-,-,-,-,-,-,-,-,-,-,-,-,-,-,-,-
,경주군,,-,-,-,-,-,-,-,-,-,-,-,-,-,-,-,-,-,-,-,-,-,-
,영천군,,-,-,-,-,-,-,-,-,-,-,-,-,-,-,-,-,-,-,-,-,-,-
,경산군,,-,-,-,-,-,-,-,-,-,-,-,-,-,-,-,-,-,-,-,-,-,-
,청도군,,0.7,0.36,1.93,0.59,2.3,2.49,2.47,1.536,-0.185,0.392,0.901,0.969,1.16,1.683,2.191,1.862,2.169,3.395,3.103,2.4,1.517,2.461
,고령군,,0.32,0.47,2.19,-0.54,2.87,2.441,1.782,1.667,-0.99,0.384,0.906,0.978,0.99,1.231,2.518,3.087,2.339,3.628,3.5,2.658,2.415,2.368
,성주군,,1.18,0.38,2.1,-0.45,2.18,2.556,1.836,1.362,-0.405,0.186,0.938,0.989,1.393,1.603,2.746,3.115,2.026,3.946,3.407,3.174,2.338,2.443
,칠곡군,,1.48,0.49,1.66,0.19,2.27,2.325,4.539,3.309,-0.122,0.378,1.007,1.014,1.648,1.586,2.248,2.442,2.38,3.658,3.296,3.133,1.928,1.836
,금릉군,,-,-,-,-,-,-,-,-,-,-,-,-,-,-,-,-,-,-,-,-,-,-
,선산군,,-,-,-,-,-,-,-,-,-,-,-,-,-,-,-,-,-,-,-,-,-,-
,상주군,,-,-,-,-,-,-,-,-,-,-,-,-,-,-,-,-,-,-,-,-,-,-
,문경군,,-,-,-,-,-,-,-,-,-,-,-,-,-,-,-,-,-,-,-,-,-,-
,예천군,,1.2,0.31,1.94,-0.2,0.64,0.915,0.662,0.615,1.729,0.58,0.989,1.553,1.844,3.075,4.173,4.557,3.474,3.893,3.194,2.326,1.365,1.588
,영풍군,,-,-,-,-,-,-,-,-,-,-,-,-,-,-,-,-,-,-,-,-,-,-
,봉화군,,1.46,1.09,3.26,-0.38,0.65,1.098,2.789,0.476,-1.007,0.784,0.886,0.742,0.731,1.331,1.854,2.272,2.511,2.6,2.808,2.703,1.695,1.688
,울진군,,1.28,0.35,1.55,0.46,1.54,0.992,0.611,0.508,-0.414,0.072,0.715,0.762,0.963,1.387,2.063,2.031,2.567,3.215,3.001,2.524,2.053,2.025
,울릉군,,1.16,0.5,1.49,0.66,2.75,1.355,1.873,2.766,2.25,0.809,1.178,0.771,1.11,1.479,2.091,2.496,3.618,3.895,4.382,6.072,5.256,5.321
경남,,,1.15,0.94,2.22,1.38,3.09,2.809,2.561,2.218,0.105,0.44,1.288,1.627,1.669,1.491,1.974,2.232,2.359,3.094,2.204,0.557,0.719,2.027
,시지역,,-,-,-,-,-,-,-,-,-,-,-,-,1.76,1.591,2.037,2.299,2.377,3.116,2.09,0.322,0.581,2.009
,군지역,,-,-,-,-,-,-,-,-,-,-,-,-,1.189,0.958,1.643,1.869,2.262,2.988,2.795,1.752,1.416,2.119
,(구)창원시,,1.34,1.06,2.62,0.73,2.35,1.424,1.483,3.191,-0.091,0.454,-,-,-,-,-,-,-,-,-,-,-,-
,창원시,,-,-,-,-,-,-,-,-,-,-,1.178,1.915,1.658,1.639,1.941,2.109,2.423,2.807,0.188,-1.45,0.01,2.266
,,의창구,-,-,-,-,-,-,-,-,-,-,1.38,2.35,1.995,1.996,2.512,2.52,3.281,3.287,1.515,-1.903,-0.084,2.285
,,성산구,-,-,-,-,-,-,-,-,-,-,1.19,2.421,1.777,1.757,1.442,1.875,1.831,1.964,-1.174,-1.985,-0.145,2.442
,,마산합포구,-,-,-,-,-,-,-,-,-,-,0.971,1.093,0.958,1.395,1.924,1.914,2.351,2.815,0.758,-0.307,0.284,1.964
,,마산회원구,-,-,-,-,-,-,-,-,-,-,0.83,1.021,1.469,1.272,1.716,2.176,2.424,3.149,0.594,-0.678,0.328,2.1
,,진해구,-,-,-,-,-,-,-,-,-,-,1.367,1.963,1.787,1.42,1.973,1.954,2.009,3.076,-0.344,-1.29,-0.06,2.2
,울산시,,-,-,-,-,-,-,-,-,-,-,-,-,-,-,-,-,-,-,-,-,-,-
,,울산시중구,-,-,-,-,-,-,-,-,-,-,-,-,-,-,-,-,-,-,-,-,-,-
,,울산시남구,-,-,-,-,-,-,-,-,-,-,-,-,-,-,-,-,-,-,-,-,-,-
,,울산시동구,-,-,-,-,-,-,-,-,-,-,-,-,-,-,-,-,-,-,-,-,-,-
,,울산시울주구,-,-,-,-,-,-,-,-,-,-,-,-,-,-,-,-,-,-,-,-,-,-
,(구)마산시,,-,-,-,-,-,-,-,-,-,-,-,-,-,-,-,-,-,-,-,-,-,-
,,(구)마산시합포구,-,-,-,-,-,-,-,-,-,-,-,-,-,-,-,-,-,-,-,-,-,-
,,(구)마산시회원구,-,-,-,-,-,-,-,-,-,-,-,-,-,-,-,-,-,-,-,-,-,-
,마산시,,1.1,0.8,2.24,1.57,2.05,1.362,0.92,0.681,-0.559,0.013,-,-,-,-,-,-,-,-,-,-,-,-
,진주시,,1.3,1.2,1.83,1.31,2.65,4.144,3.737,2.59,-0.074,0.109,1.131,0.768,1.434,1.376,2.228,2.505,2.751,3.669,3.303,1.485,1.204,1.747
,진해시,,0.74,0.83,1.53,1.11,6,4.756,2.932,2.197,-0.117,0.625,-,-,-,-,-,-,-,-,-,-,-,-
,충무시,,-,-,-,-,-,-,-,-,-,-,-,-,-,-,-,-,-,-,-,-,-,-
,통영시,,0.16,0.52,1.87,0.93,1.11,1.795,1.441,1.054,-0.401,0.751,1.17,1.264,1.373,1.481,1.71,2.067,1.018,2.387,2.309,-0.359,-0.022,1.854
,삼천포시,,-,-,-,-,-,-,-,-,-,-,-,-,-,-,-,-,-,-,-,-,-,-
,사천시,,3.87,1.42,3.22,1.28,0.65,2.468,0.989,2.023,2.984,0.759,1.297,1.19,0.76,0.93,1.35,2.306,3.498,4.038,4.741,2.211,1.276,1.61
,김해시,,0.87,0.71,2.7,2.97,4.65,3.837,4.082,2.553,-0.037,0.354,1.273,1.813,2.291,1.725,2.17,2.598,3.027,3.737,3.602,1.244,0.87,2.35
,밀양시,,1.75,1.12,2.24,0.58,5.56,2.871,2.208,2.191,-0.378,0.203,0.956,1.164,1.147,1.302,1.538,2.086,2.07,4.054,5.327,3.404,1.573,1.562
,장승포시,,-,-,-,-,-,-,-,-,-,-,-,-,-,-,-,-,-,-,-,-,-,-
,거제시,,1.22,1,2.51,2.93,5.07,5.487,5.543,4.204,2.71,0.506,1.99,2.351,2.006,1.564,2.464,2.194,-0.481,0.333,-0.647,-1.101,0.048,1.189
,양산시,,-0.01,1.09,3.32,1,5.71,2.976,3.872,2.709,-0.25,0.915,1.593,1.802,2.112,1.851,2.229,2.469,3.067,4.102,3.717,2.127,1.016,1.944
,진양군,,-,-,-,-,-,-,-,-,-,-,-,-,-,-,-,-,-,-,-,-,-,-
,의령군,,1.14,0.79,1.3,1.14,1.07,1.718,1.548,1.438,-0.009,0.205,0.632,0.742,0.877,0.901,1.209,1.616,1.923,2.543,2.16,0.915,0.755,2.134
,함안군,,1.37,0.75,1.2,0.66,1.06,3.418,2.571,1.555,-0.055,0.68,2.284,2.724,1.574,1.106,1.831,2.128,2.414,2.964,2.408,1.78,1.733,2.132
,창녕군,,2.46,0.97,0.66,0.75,1.88,2.43,1.507,0.896,-0.397,0.392,1.07,0.949,1.027,1.009,1.621,2.062,3.063,3.342,3.498,2.098,1.846,2.409
,밀양군,,-,-,-,-,-,-,-,-,-,-,-,-,-,-,-,-,-,-,-,-,-,-
,양산군,,-,-,-,-,-,-,-,-,-,-,-,-,-,-,-,-,-,-,-,-,-,-
,울주군,,-,-,-,-,-,-,-,-,-,-,-,-,-,-,-,-,-,-,-,-,-,-
,울산군,,-,-,-,-,-,-,-,-,-,-,-,-,-,-,-,-,-,-,-,-,-,-
,김해군,,-,-,-,-,-,-,-,-,-,-,-,-,-,-,-,-,-,-,-,-,-,-
,의창군,,-,-,-,-,-,-,-,-,-,-,-,-,-,-,-,-,-,-,-,-,-,-
,창원군,,-,-,-,-,-,-,-,-,-,-,-,-,-,-,-,-,-,-,-,-,-,-
,통영군,,-,-,-,-,-,-,-,-,-,-,-,-,-,-,-,-,-,-,-,-,-,-
,거제군,,-,-,-,-,-,-,-,-,-,-,-,-,-,-,-,-,-,-,-,-,-,-
,고성군,,1.1,0.82,1.33,0.58,1,2.3,2.43,3.069,2.256,1.382,1.836,1.456,1.303,1.027,2.265,2.005,1.87,2.777,2.166,1.275,1.106,2.04
,사천군,,-,-,-,-,-,-,-,-,-,-,-,-,-,-,-,-,-,-,-,-,-,-
,남해군,,0.99,0.59,0.73,1.33,0.99,4.224,4.079,1.521,-0.143,0.465,0.815,1.252,1.627,0.699,2.406,2.214,2.448,3.635,4.513,2.755,2.024,3.539
,하동군,,1.24,0.76,0.95,1.64,1.88,2.187,0.74,1.596,-0.021,0.655,1.489,1.426,1.212,0.851,1.58,1.518,1.971,2.076,2.016,1.082,0.635,1.389
,산청군,,0.75,0.52,0.66,0.81,1.45,1.495,0.934,1.083,-0.123,0.32,0.704,0.67,0.955,0.812,1.175,1.449,2.087,2.977,2.924,1.852,1.219,1.705
,함양군,,0.67,0.64,0.63,0.81,1.15,1.631,0.856,0.479,0.062,0.326,0.598,0.778,0.839,0.966,1.282,1.823,1.985,3.276,2.87,1.476,0.949,1.691
,거창군,,1.48,0.71,0.76,0.49,0.79,0.867,0.638,0.236,-0.236,0.161,0.56,0.703,0.89,1.055,1.176,1.525,1.89,2.803,2.701,2.063,1.401,1.95
,합천군,,1.36,0.69,1.82,0.55,1.3,2.981,0.542,0.388,-0.134,0.12,0.601,0.613,0.952,0.808,1.023,1.579,2.234,3.526,3.259,2.016,1.621,2.052
제주,,,2.18,3.13,6.01,1.25,1.96,2.122,2.104,1.672,-0.02,0.197,1.073,0.918,1.25,1.424,3.728,7.568,8.332,5.457,4.989,-1.767,-1.933,1.848
,시지역,,-,-,-,-,-,-,-,-,-,-,-,-,1.25,1.424,3.728,7.568,8.332,5.457,4.989,-1.767,-1.933,1.848
,제주시,,-,-,-,-,-,-,2.242,1.606,-0.022,0.192,1.017,0.885,1.283,1.36,3.27,7.317,8.05,5.406,4.923,-1.74,-1.724,2.199
,서귀포시,,-,-,-,-,-,-,1.868,1.791,-0.016,0.2,1.171,0.978,1.199,1.53,4.478,7.972,8.787,5.574,5.121,-1.811,-2.261,1.304
,북제주군,,-0.92,-0.34,10.87,2.64,2.41,1.979,-,-,-,-,-,-,-,-,-,-,-,-,-,-,-,-
,남제주군,,-1.33,-0.61,6.53,2.28,4.46,3.759,-,-,-,-,-,-,-,-,-,-,-,-,-,-,-,-
,(구)제주시,,6.1,7.34,5.1,0.75,1,0.91,-,-,-,-,-,-,-,-,-,-,-,-,-,-,-,-
,(구)서귀포시,,-0.68,-0.5,3.24,0.17,1.61,3.578,-,-,-,-,-,-,-,-,-,-,-,-,-,-,-,-
